Year,Month,Region,Category,Net
2017,January,West 1,Diet Clinic,950000.0
2017,January,South,Fitness Club,428571.43
2017,January,South,Fitness Club,466666.67
2017,January,South,Hospital,423809.52
2017,January,North,Diagnostic Centre,438095.24
2017,January,North,Fitness Club,428571.43
2017,January,South,Wellness Centre,371440.0
2017,January,West 1,Fitness Club,419811.32
2017,January,West 1,Diet Clinic,455000.0
2017,February,South,Fitness Club,462264.15
2017,February,South,Fitness Club,433962.26
2017,February,South,Fitness Club,424528.3
2017,February,West 1,Fitness Club,453000.0
2017,February,East,Supplement Store,392156.86
2017,February,South,Fitness Club,424528.3
2017,February,West 1,Others,433962.26
2017,March,North,Fitness Club,461037.74
2017,March,West 1,Fitness Club,245283.02
2017,March,North,Fitness Club,566037.74
2017,March,North,Hotel,424528.3
2017,March,South,Hospital,424529.25
2017,March,South,Fitness Club,433962.26
2017,March,North,Others,429245.28
2017,March,West 2,Others,427358.49
2017,March,West 1,Wellness Centre,429245.28
2017,March,North,Fitness Club,433962.26
2017,April,South,HealthCare Centre,627358.49
2017,April,West 1,Fitness Club,433962.26
2017,April,East,Fitness Club,254716.98
2017,April,North,Fitness Club,433962.26
2017,April,East,Fitness Club,466981.13
2017,April,North,Fitness Club,433962.26
2017,May,North,Wellness Centre,282735.85
2017,May,West 1,Fitness Club,254716.98
2017,May,South,HealthCare Centre,542452.83
2017,June,West 1,Wellness Centre,45283.02
2017,June,East,Wellness Centre,613820.75
2017,June,South,Fitness Club,424528.3
2017,June,South,Fitness Club,424528.3
2017,June,East,Fitness Club,433962.26
2017,June,West 1,Other,22789.09
2017,June,West 1,Other,19829.38
2017,June,West 1,Fitness Club,424528.3
2017,June,South,Fitness Club,441509.43
2017,June,East,Other,490566.04
2017,June,North,Other,424528.3
2017,July,West 1,Fitness Club,20322.04
2017,July,East,Fitness Club,910714.29
2017,July,South,Fitness Club,1116071.43
2017,July,South,Fitness Club,433928.4
2017,July,North,Other,425000.0
2017,August,North,Fitness Club,446875.89
2017,August,West 2,Other,406250.0
2017,August,East,Fitness Club,410714.29
2017,August,South,Fitness Club,425000.0
2017,August,North,Other,425000.0
2017,August,North,Hospital,422500.0
2017,August,North,Fitness Club,241071.43
2017,August,West 1,Other,383035.48
2017,August,South,Fitness Club,381696.43
2017,August,South,Fitness Club,357142.86
2017,August,North,Fitness Club,401779.29
2017,August,North,Fitness Club,410714.29
2017,September,West 1,Other,255535.71
2017,September,North,Fitness Club,381696.43
2017,September,West 1,Fitness Club,406250.0
2017,September,West 1,Other,410718.74
2017,September,West 1,Fitness Club,357151.78
2017,September,North,Fitness Club,241071.43
2017,September,West 1,Fitness Club,1098214.28
2017,September,East,Other,410718.75
2017,September,North,Diet Clinic,468728.57
2017,September,West 1,Fitness Club,410718.74
2017,October,West 1,Hospital,357500.0
2017,October,North,Fitness Club,410553.57
2017,October,West 1,Wellness Centre,1118214.92
2017,October,West 1,Other,468000.0
2017,October,North,Wellness Centre,428464.29
2017,October,South,Fitness Club,410000.0
2017,October,South,Hospital,803568.0
2017,October,East,Fitness Club,241071.43
2017,October,South,University,1460714.2
2017,October,West 1,Other,18928.57
2017,November,North,Wellness Centre,241071.43
2017,November,West 1,Other,241071.43
2017,November,North,Fitness Club,410718.75
2017,November,West 1,Fitness Club,1241071.42
2017,November,East,Fitness Club,410718.75
2017,November,West 1,Fitness Club,392901.78
2017,November,North,Fitness Club,410718.75
2017,November,North,Hospital,1428571.42
2017,November,South,Fitness Club,16964.29
2017,November,East,Fitness Club,464285.71
2017,November,North,Rajasthan,651790.18
2017,November,North,Other,425000.0
2017,December,East,Fitness Club,410718.75
2017,December,West 2,Healthcare Centre,366250.0
2017,December,South,Police Academy,23500.0
2017,December,West 1,Other,241071.43
2017,December,North,Other,406250.0
2017,December,South,Healthcare Centre,429000.0
2017,December,South,Other,437500.0
2017,December,South,Wellness Clinic,232142.86
2017,December,North,Fitness ,430553.57
2018,January,West 2,Fitness ,374999.95
2018,January,South,Fitness ,241071.43
2018,January,South,Fitness ,437500.0
2018,January,West 1,Education,419510.0
2018,January,North,Corporate,7627.12
2018,January,West 2,Home Health,0.0
2018,January,West 2,Fitness ,17408.32
2018,January,West 1,Fitness ,625625.0
2018,January,South,Fitness ,609375.0
2018,January,West 1,Wellness,348214.28
2018,January,West 1,Nutrition,16964.28
2018,January,South,Fitness ,448500.0
2018,January,South,Fitness ,406250.0
2018,January,West 2,Fitness ,205352.86
2018,January,East,Wellness,63420.0
2018,January,South,Fitness ,17857.14
2018,January,South,Fitness ,241071.43
2018,January,South,Fitness ,241071.43
2018,January,West 1,Fitness ,348214.28
2018,January,West 1,Wellness,348214.28
2018,January,South,Home Health,0.0
2018,January,North,Hospitality,406250.0
2018,January,South,Fitness ,12946.43
2018,February,South,Amazon,0.0
2018,February,North,Fitness ,12200.0
2018,February,North,Amazon,0.0
2018,February,West 1,Wellness,10714.28
2018,February,West 1,Convention,714.28
2018,February,West 1,Convention,714.28
2018,February,West 1,Convention,714.28
2018,February,West 1,Convention,714.28
2018,February,South,Medical,3571.42
2018,February,West 2,Fitness ,568750.0
2018,February,West 2,Convention,892.86
2018,February,North,Fitness ,401780.4
2018,February,West 1,Fitness ,2232.14
2018,February,West 1,Nutrition,446428.58
2018,February,West 1,Fitness ,13046.42
2018,February,North,Fitness ,4639.83
2018,February,West 2,Medical,5487.83
2018,March,West 2,Corporate,245531.43
2018,March,West 1,Fitness ,30625.0
2018,March,East,Wellness,348242.29
2018,March,North,Fitness ,12945.57
2018,March,North,Wellness,12946.43
2018,March,South,Fitness ,419642.86
2018,March,North,Corporate,1205355.43
2018,March,West 2,Medical,375026.79
2018,March,South,Wellness,348214.28
2018,March,North,Fitness ,410615.71
2018,March,North,Corporate,410704.0
2018,March,North,Hospitality,396420.0
2018,March,West 1,Fitness ,8919.64
2018,March,South,Home Health,17947.27
2018,March,West 1,Fitness ,410687.5
2018,March,North,Fitness ,12200.0
2018,March,South,Fitness ,348214.29
2018,March,East,Amazon,1250.0
2018,April,North,Medical,0.0
2018,April,North,Amazon,1071.43
2018,April,Overseas,Fitness ,329285.72
2018,April,West 2,Fitness ,1785.71
2018,April,West 2,Amazon,1071.43
2018,April,Overseas,Hospitality,1300100.0
2018,April,West 1,Fitness ,174107.14
2018,April,North,Amazon,1071.43
2018,April,North,Amazon,1071.43
2018,April,South,Amazon,1071.43
2018,April,North,Amazon,1071.43
2018,April,North,Amazon,1071.43
2018,April,West 1,Wellness,20535.72
2018,April,West 2,Medical,22321.43
2018,April,West 1,Fitness ,377232.14
2018,April,West 1,Fitness ,366071.42
2018,April,West 1,Amazon,0.0
2018,April,West 1,Hospitality,491071.0
2018,April,North,Wellness,0.0
2018,April,West 1,,0.0
2018,April,South,Medical,495625.0
2018,April,South,Fitness ,406250.0
2018,April,North,Hospitality,205314.29
2018,April,North,Fitness ,409500.0
2018,April,North,Corporate,409500.0
2018,April,West 1,Corporate,205410.72
2018,April,West 1,Fitness ,181250.0
2018,April,Overseas,Corporate,17216.32
2018,April,North,Fitness ,401798.21
2018,May,North,Fitness ,247500.0
2018,May,South,Government,968750.0
2018,May,North,Amazon,17911.61
2018,May,South,Corporate,937500.0
2018,May,West 1,Medical,181250.0
2018,May,South,Wellness,46348.71
2018,May,West 2,Fitness ,379464.29
2018,May,East,Corporate,400446.43
2018,May,East,Fitness ,178660.71
2018,May,West 1,Medical,178560.72
2018,May,East,Fitness ,34900.0
2018,May,South,Wellness,380133.93
2018,May,South,Fitness ,500000.0
2018,May,East,Fitness ,437500.0
2018,May,West 1,Fitness ,401250.0
2018,May,North,Amazon,1071.42
2018,May,West 1,Amazon,1071.42
2018,May,South,Corporate,410704.0
2018,May,West 1,Hospitality,243750.0
2018,May,East,Medical,399464.71
2018,May,South,Amazon,17839.28
2018,May,North,Fitness ,395531.43
2018,May,North,Fitness ,348156.43
2018,May,North,Fitness ,396500.0
2018,May,North,Fitness ,205650.0
2018,May,West 1,Fitness ,366055.36
2018,May,West 2,Fitness ,14999.99
2018,May,East,Medical,0.0
2018,May,West 1,Fitness ,374941.08
2018,June,North,Wellness,14375.0
2018,June,North,Fitness  ,0.0
2018,June,North,Amazon,17839.29
2018,June,West 1,Fitness  ,177241.08
2018,June,South,Fitness ,377232.14
2018,June,West 1,Fitness ,4464.28
2018,June,South,Research,1160714.29
2018,June,North,Fitness,180803.57
2018,June,West 1,Corporate,30000.0
2018,June,West 1,Fitness ,1252678.58
2018,June,South,Amazon,1071.43
2018,June,North,Amazon,1071.43
2018,June,West 1,Amazon,1071.43
2018,June,South,Amazon,1071.43
2018,June,North,Amazon,1071.43
2018,June,North,Amazon,1071.43
2018,June,South,Amazon,1071.43
2018,June,West 1,Amazon,1071.43
2018,June,South,Amazon,1071.43
2018,June,South,Amazon,1071.43
2018,June,West 1,Amazon,1071.43
2018,June,North,Amazon,1142.86
2018,June,West 1,Amazon,1071.43
2018,June,West 2,Amazon,1071.43
2018,June,North,Amazon,1071.43
2018,June,North,Amazon,1071.43
2018,June,North,Amazon,1071.43
2018,June,North,Amazon,1071.43
2018,June,North,Amazon,1071.43
2018,June,East,Amazon,1071.43
2018,June,West 1,Amazon,1071.43
2018,June,North,Amazon,1071.43
2018,June,North,Fitness ,179107.14
2018,June,West 2,Wellness,401862.5
2018,June,East,Fitness ,491071.0
2018,June,South,Corporate,0.0
2018,419642.86 ,,,0.0
2018,June,South,Medical,208928.57
2018,June,South,Corporate,147321.43
2018,June,South,Personal ,17839.29
2018,June,West 1,Nutrition,164970.0
2018,June,West 1,Fitness,10892.86
2018,June,West 1,Nutrition,357136.22
2018,June,North,Fitness,503750.0
2018,June,North,Corporate,6000.0
2018,June,North,Wellness,410800.0
2018,June,North,Fitness,268450.0
2018,June,West 2,Corporate,379460.0
2018,June,South,Fitness,464285.71
2018,June,West 1,Amazon,17839.28
2018,June,West 1,Fitness,7142.86
2018,June,South,Wellness,334821.43
2018,June,South,Wellness,669642.86
2018,June,South,Wellness,0.0
2018,June,West 1,Governement,30625.0
2018,June,West 2,Fitness,178593.75
2018,June,West 1,Wellness,334821.0
2018,June,North,Wellness,334821.43
2018,June,South,Wellness,334821.43
2018,June,South,Fitness,25400.0
2018,July,North,Corporate,31250.0
2018,July,West 1,Fitness,20000.0
2018,July,West 1,Fitness,348214.28
2018,July,West 1,Amazon,17839.28
2018,July,West 1,Fitness,4464.28
2018,July,West 1,Fitness,6870.46
2018,July,North,Fitness,12946.43
2018,July,West 1,Fitness,2232.14
2018,July,North,Amazon,17839.29
2018,July,West 2,Fitness,160714.29
2018,July,South,Wellness,406250.0
2018,July,South,Wellness,334821.43
2018,July,North,Amazon,17839.29
2018,July,East,Fitness,12950.0
2018,July,East,Corporate,714287.21
2018,July,West 1,Corporate,465687.42
2018,July,West 1,Corporate,410673.22
2018,July,West 1,Pharma,401785.72
2018,July,West 2,Pharma,424112.08
2018,July,West 1,Corporate,401785.72
2018,July,West 1,Amazon,17839.28
2018,July,North,Amazon,17839.28
2018,July,West 1,Amazon,17839.28
2018,July,West 2,Fitness,17857.14
2018,July,West 2,Medical,1026785.71
2018,July,North,Fitness,410711.82
2018,July,West 1,Medical,5977.6
2018,July,West 1,Nutrition,174093.74
2018,July,East,Fitness,178568.75
2018,July,South,Fitness,17839.29
2018,July,West 1,Corporate,357137.0
2018,July,West 2,Fitness,535721.43
2018,August,North,Corporate,205352.86
2018,August,North,Fitness,205352.86
2018,August,South,Medical,348214.29
2018,August,North,Fitness,57700.0
2018,August,South,Education,223214.29
2018,August,East,Fitness,12946.43
2018,August,West 2,Nutrition,10714.29
2018,August,North,Medical,1449400.0
2018,August,North,Corporate,205650.0
2018,August,West 1,Amazon,17839.29
2018,August,South,Medical,16517.86
2018,August,West 2,Corporate,379500.0
2018,August,West 1,Fitness,160714.28
2018,August,West 1,Nutrition,174107.14
2018,August,South,Research,626785.71
2018,August,South,Research,0.0
2018,August,South,Research,0.0
2018,August,North,Nutrition,495525.0
2018,August,East,Corporate,178568.75
2018,August,South,Corporate,437496.52
2018,August,East,Amazon,17839.29
2018,August,West 2,Corporate,30356.89
2018,August,West 2,Corporate,0.0
2018,August,South,Amazon,17839.29
2018,August,South,Nutrition,25000.0
2018,August,East,Fitness,12946.43
2018,August,East,Medical,379500.0
2018,August,East,Corporate,357136.21
2018,August,East,Wellness,200892.86
2018,August,East,Fitness,196428.04
2018,August,East,Amazon,17839.29
2018,August,West 1,Amazon,17865.68
2018,September,North,Fitness,401700.0
2018,September,North,Medical,402960.0
2018,September,West 1,Wellness,21428.58
2018,September,West 1,Wellness,0.0
2018,September,West 1,Wellness,0.0
2018,September,North,Fitness,419646.39
2018,September,West 1,Corporate,205312.5
2018,September,North,Corporate,424995.2
2018,September,North,Fitness,205352.86
2018,September,North,Corporate,460714.29
2018,September,West 1,Fitness,205335.72
2018,September,North,Wellness,23727.61
2018,September,West 1,Nutrition,393300.0
2018,September,West 1,Wellness,209821.42
2018,September,West 1,Corporate,204821.42
2018,September,North,Fitness,205380.05
2018,September,Academia,Academia,1271.18
2018,September,Academia,Academia,1271.18
2018,September,Academia,Academia,1271.18
2018,September,Academia,Academia,1271.18
2018,September,Academia,Academia,1694.92
2018,September,Academia,Academia,1694.92
2018,September,Academia,Academia,1694.92
2018,September,Academia,Academia,1271.18
2018,September,Academia,Academia,1694.92
2018,September,Academia,Academia,1694.92
2018,September,Academia,Academia,1271.18
2018,September,Academia,Academia,1271.18
2018,September,Academia,Academia,1694.92
2018,September,Academia,Academia,1694.92
2018,September,Academia,Academia,1694.92
2018,September,Academia,Academia,1271.18
2018,September,Academia,Academia,1271.18
2018,September,Academia,Academia,1271.18
2018,September,Academia,Academia,1271.18
2018,September,Academia,Academia,1271.18
2018,September,Academia,Academia,1694.92
2018,September,Academia,Academia,1694.92
2018,September,Academia,Academia,1694.92
2018,September,Academia,Academia,1694.92
2018,September,Academia,Academia,1271.18
2018,September,Academia,Academia,1271.18
2018,September,Academia,Academia,1694.92
2018,September,Academia,Academia,1694.92
2018,September,Academia,Academia,1694.92
2018,September,Academia,Academia,1271.18
2018,September,Academia,Academia,1271.18
2018,September,Academia,Academia,1694.92
2018,September,Academia,Academia,1694.92
2018,September,Academia,Academia,1271.18
2018,September,Academia,Academia,1271.18
2018,September,Academia,Academia,1694.92
2018,September,Academia,Academia,1694.92
2018,September,Academia,Academia,1271.18
2018,September,Academia,Academia,2118.64
2018,September,Academia,Academia,1694.92
2018,September,Academia,Academia,1271.18
2018,September,Academia,Academia,1694.92
2018,September,Academia,Academia,1271.18
2018,September,Academia,Academia,1271.18
2018,September,Academia,Academia,1271.18
2018,September,Academia,Academia,1271.18
2018,September,Academia,Academia,1694.92
2018,September,Academia,Academia,1271.18
2018,September,Academia,Academia,1694.92
2018,September,Academia,Academia,1694.92
2018,September,Academia,Academia,1271.18
2018,September,Academia,Academia,1694.92
2018,September,Academia,Academia,1694.92
2018,September,Academia,Academia,1694.92
2018,September,Academia,Academia,1694.92
2018,September,Academia,Academia,1271.18
2018,September,Academia,Academia,1694.92
2018,September,Academia,Academia,1271.18
2018,September,Academia,Academia,1271.18
2018,September,West 2,Fitness,4464.29
2018,September,North,Fitness,11000.0
2018,September,North,Corporate,0.0
2018,September,North,Medical,17000.0
2018,September,South,Medical,14500.0
2018,September,East,Fitness,196423.21
2018,September,South,Corporate,437500.0
2018,September,East,Research,178568.75
2018,September,Academia,Academia,1694.92
2018,September,Academia,Academia,187788.2
2018,October,South,Pharma,147321.43
2018,October,South,Pharma,400000.0
2018,October,West 1,Pharma,42372.88
2018,October,Overseas,Spa,472407.0
2018,October,South,Corporate,1116071.43
2018,October,South,Corporate,500000.0
2018,October,East,Wellness,348214.29
2018,October,East,Fitness,410651.2
2018,October,North,Fitness,17857.14
2018,October,South,Amazon,17839.29
2018,October,East,Amazon,17839.29
2018,October,West 1,Amazon,17839.29
2018,October,South,Amazon,17839.29
2018,October,West 1,Amazon,17839.29
2018,October,West 1,Amazon,17839.29
2018,October,South,Education,383928.57
2018,October,South,Fitness,446428.57
2018,October,West 1,Fitness,8921.0
2018,October,West 1,Wellness,401785.7
2018,October,South,Education,980000.0
2018,October,East,,379460.0
2018,October,West 1,Fitness,8919.64
2018,October,East,Amazon,17839.29
2018,October,East,Amazon,16946.43
2018,October,East,Amazon,17839.29
2018,October,,Employee Gift,0.0
2018,October,,Employee Gift,0.0
2018,October,,Employee Gift,0.0
2018,October,,Employee Gift,0.0
2018,October,,Employee Gift,0.0
2018,October,West 1,Fitness,214285.72
2018,October,West 1,Corporate,300000.0
2018,October,South,Wellness,334821.43
2018,October,South,Corporate,384330.36
2018,October,West 1,Corporate,200891.26
2018,October,West 1,Corporate,0.0
2018,October,East,Fitness,205352.86
2018,October,West 1,Service,5000.0
2018,October,West 1,Service,15000.0
2018,October,West 1,Fitness,8919.64
2018,October,North,Corporate,14500.0
2018,October,Academia,Academia,2542.38
2018,October,West 1,Service,4464.28
2018,November,West 2,Medical,330399.11
2018,November,West 1,Fitness,375000.0
2018,November,West 1,Wellness,10750.0
2018,November,North,Fitness,410704.43
2018,November,East,Medical,178568.75
2018,November,East,Fitness,178568.75
2018,November,West 1,Fitness,387500.0
2018,November,North,Fitness,424097.27
2018,November,North,Fitness,401783.79
2018,November,West 1,Wellness,0.0
2018,November,North,Corporate,3571.43
2018,November,Academia,Academia,1694.92
2018,November,West 1,Fitness,383571.0
2018,November,West 1,Fitness,2678.58
2018,November,East,Wellness,348214.29
2018,November,South,Wellness,401785.71
2018,November,East,Corporate,178593.75
2018,November,East,Fitness,491156.25
2018,November,South,Medical,1026785.71
2018,November,South,Fitness,419641.04
2018,November,East,Amazon,17839.29
2018,November,,,645764.52
2018,December,East,Fitness,410714.29
2018,December,West 1,Fitness,205357.14
2018,December,West 1,Corporate,388392.84
2018,December,West 1,Medical,16949.16
2018,December,North,Amazon,17839.29
2018,December,West 1,Wellness,383592.86
2018,December,South,Wellness,334821.43
2018,December,South,Governement,901785.71
2018,December,South,Fitness,419641.04
2018,December,South,Fitness,410709.16
2018,December,South,Education,456428.58
2018,December,West 1,Amazon,1071.42
2018,December,South,Amazon,1071.42
2018,December,North,Amazon,1071.42
2018,December,West 2,Amazon,1071.42
2018,December,West 1,Amazon,1071.42
2018,December,North,Amazon,1071.42
2018,December,West 1,Amazon,1171.42
2018,December,South,Amazon,1071.42
2018,December,South,Amazon,4464.28
2018,December,North,Amazon,16946.43
2018,December,West 1,Amazon,17839.29
2018,December,North,Amazon,1159.82
2018,December,North,Amazon,1159.82
2018,December,North,Amazon,1159.82
2018,December,West 1,Fitness,495000.0
2018,December,West 2,Corporate,374971.0
2018,December,North,Amazon,1159.82
2018,December,South,Amazon,2319.64
2018,December,North,Amazon,1159.82
2018,December,North,Amazon,1159.82
2018,December,South,Amazon,1159.82
2018,December,South,Amazon,1159.82
2018,December,West 2,Corporate,178794.64
2018,December,West 1,Fitness,6000.0
2018,December,South,Amazon,1159.82
2018,December,North,Corporate,768660.0
2018,December,North,Corporate,205425.0
2018,December,North,Amazon,1159.82
2018,December,North,Amazon,1159.82
2018,December,South,Amazon,1159.82
2018,December,West 1,Fitness,1205651.78
2018,December,West 1,Fitness,0.0
2018,December,West 2,Fitness,374971.0
2018,December,South,Amazon,1159.82
2018,December,West 1,Amazon,1159.82
2019,January,South,Fitness,397321.0
2019,January,South,Fitness,0.0
2019,January,North,Fitness,6250.0
2019,January,Amazon,Others,1160.0
2019,January,Amazon,Others,1160.0
2019,January,Amazon,Others,1160.0
2019,January,Amazon,Others,17839.0
2019,January,Amazon,Others,2320.0
2019,January,South,Fitness,406250.0
2019,January,South,Fitness,0.0
2019,January,South,Medical,15750.0
2019,January,Amazon,Others,1160.0
2019,January,Amazon,Others,1160.0
2019,January,Amazon,Others,1160.0
2019,January,Amazon,Others,1160.0
2019,January,Amazon,Others,1160.0
2019,January,Amazon,Others,1160.0
2019,January,Amazon,Others,17839.0
2019,January,Amazon,Others,1160.0
2019,January,Amazon,Others,1160.0
2019,January,Amazon,Others,1160.0
2019,January,South,Fitness,473214.0
2019,January,North,Fitness,185714.0
2019,January,North,Fitness,893.0
2019,January,North,Fitness,893.0
2019,January,Amazon,Others,1160.0
2019,January,West 1,Fitness,31250.0
2019,January,Amazon,Others,1160.0
2019,January,Amazon,Others,17839.0
2019,January,North,Fitness,0.0
2019,January,North,Fitness,0.0
2019,January,West ,Fitness,0.0
2019,January,Amazon,Others,1160.0
2019,January,West 1,Fitness,14286.0
2019,January,North,Fitness,351786.0
2019,January,North,Fitness,893.0
2019,January,West 1,Hospitality,400446.0
2019,January,West 1,Hospitality,1339.0
2019,January,West 1,Fitness,355982.0
2019,January,West 1,Fitness,1339.0
2019,January,South,Fitness/Sports,408929.0
2019,January,South,Fitness/Sports,1786.0
2019,January,Amazon,Others,1160.0
2019,January,Amazon,Others,17839.0
2019,January,Amazon,Others,1160.0
2019,January,Amazon,Others,1160.0
2019,January,Amazon,Others,1160.0
2019,January,South,Fitness/Sports,29000.0
2019,January,South,Hospitals,15400.0
2019,January,Amazon,Others,1160.0
2019,January,Amazon,Others,1160.0
2019,January,Amazon,Others,1160.0
2019,January,Amazon,Others,1160.0
2019,January,Amazon,Others,1160.0
2019,February,East,Fitness/Sports,196433.0
2019,February,East,Fitness/Sports,3571.0
2019,February,East,Fitness/Sports,2679.0
2019,February,North,Enterprise,346429.0
2019,February,North,Enterprise,1786.0
2019,February,East,Fitness/Sports,394224.0
2019,February,East,Fitness/Sports,13214.0
2019,February,East,Fitness/Sports,1786.0
2019,February,North,Health Center,185728.0
2019,February,North,Health Center,893.0
2019,February,North,Health Center,893.0
2019,February,North,Fitness/Sports,185728.0
2019,February,North,Fitness/Sports,893.0
2019,February,North,Fitness/Sports,893.0
2019,February,East,Fitness/Sports,70268.0
2019,February,East,Fitness/Sports,15254.0
2019,February,West 1,Fitness/Sports,27500.0
2019,February,West 1,Fitness/Sports,10254.0
2019,February,West 1,Fitness/Sports,10746.0
2019,February,Amazon,Others,1160.0
2019,February,Amazon,Others,17839.0
2019,February,Amazon,Others,17839.0
2019,February,Amazon,Others,1160.0
2019,February,Amazon,Others,1160.0
2019,February,Amazon,Others,1160.0
2019,February,Amazon,Others,21411.0
2019,February,Amazon,Others,0.0
2019,February,East,Fitness/Sports,408579.0
2019,February,East,Fitness/Sports,2644.0
2019,February,East,Fitness/Sports,1786.0
2019,February,Amazon,Others,17839.0
2019,February,Amazon,Others,1160.0
2019,February,Amazon,Others,1160.0
2019,February,Amazon,Others,1160.0
2019,February,Amazon,Others,1160.0
2019,February,Amazon,Enterprise,92494.0
2019,February,Amazon,Enterprise,61663.0
2019,February,Amazon,Enterprise,30831.0
2019,February,Amazon,Others,1160.0
2019,February,Amazon,Others,1160.0
2019,February,South,Skin&SPA,145536.0
2019,February,South,Skin&SPA,893.0
2019,February,South,Skin&SPA,893.0
2019,February,Amazon,Others,1249.0
2019,February,Amazon,Others,1160.0
2019,February,Amazon,Others,21411.0
2019,February,Amazon,Others,1160.0
2019,February,Amazon,Others,1160.0
2019,February,Amazon,Others,21411.0
2019,February,Amazon,Others,1160.0
2019,February,Amazon,Fitness/Sports,0.0
2019,February,Amazon,Fitness/Sports,0.0
2019,February,Amazon,Others,1231.0
2019,February,Region,Others,77655.0
2019,February,Amazon,Others,1160.0
2019,February,Amazon,Others,1160.0
2019,February,Amazon,Others,1160.0
2019,February,Amazon,Others,21411.0
2019,February,Amazon,Others,1160.0
2019,February,Amazon,Others,1160.0
2019,February,Amazon,Others,1160.0
2019,February,Amazon,Others,1160.0
2019,February,South,Fitness/Sports,428571.0
2019,February,South,Fitness/Sports,2679.0
2019,February,East,Government,1158929.0
2019,February,East,Government,1786.0
2019,February,North,Health Center,239286.0
2019,February,North,Health Center,893.0
2019,February,North,Health Center,893.0
2019,February,West 2,Enterprise,401679.0
2019,February,West 2,Enterprise,536.0
2019,February,North,Fitness/Sports,348214.0
2019,February,North,Fitness/Sports,3686.0
2019,February,North,Fitness/Sports,410714.0
2019,February,North,Fitness/Sports,268.0
2019,February,North,Fitness/Sports,257.0
2019,February,Amazon,Others,1160.0
2019,February,Amazon,Others,2320.0
2019,March,Amazon,Others,1160.0
2019,March,West 2,Fitness/Sports,177991.0
2019,March,West 2,Fitness/Sports,500.0
2019,March,West 2,Fitness/Sports,80.0
2019,March,South,Enterprise,35456.0
2019,March,South,Enterprise,23637.0
2019,March,South,Enterprise,11819.0
2019,March,West 1,Fitness/Sports,142857.0
2019,March,West 1,Fitness/Sports,3571.0
2019,March,West 1,Fitness/Sports,3571.0
2019,March,North,Fitness/Sports,142857.0
2019,March,North,Fitness/Sports,3571.0
2019,March,North,Fitness/Sports,3571.0
2019,March,West 1,Fitness/Sports,142857.0
2019,March,West 1,Fitness/Sports,3571.0
2019,March,West 1,Fitness/Sports,3571.0
2019,March,East,Fitness/Sports,142857.0
2019,March,East,Fitness/Sports,3571.0
2019,March,East,Fitness/Sports,3571.0
2019,March,West 2,Fitness/Sports,142857.0
2019,March,West 2,Fitness/Sports,3571.0
2019,March,West 2,Fitness/Sports,3571.0
2019,March,North,Fitness/Sports,204911.0
2019,March,North,Fitness/Sports,223.0
2019,March,North,Fitness/Sports,223.0
2019,March,South,Hospitals,503571.0
2019,March,South,Hospitals,1000.0
2019,March,South,Hospitals,46321.0
2019,March,Amazon,Enterprise,2282.0
2019,March,Amazon,Enterprise,1160.0
2019,March,Amazon,Others,21411.0
2019,March,Amazon,Others,21411.0
2019,March,West 1,Fitness/Sports,4000.0
2019,March,North,Fitness/Sports,400000.0
2019,March,North,Fitness/Sports,200.0
2019,March,North,Fitness/Sports,410714.0
2019,March,North,Fitness/Sports,257.0
2019,March,North,Fitness/Sports,268.0
2019,March,West 2,Fitness/Sports,383036.0
2019,March,West 2,Fitness/Sports,777.0
2019,March,West 1,Fitness/Sports,392438.0
2019,March,West 1,Fitness/Sports,418.0
2019,March,Amazon,Others,1160.0
2019,March,Amazon,Others,21429.0
2019,March,West 1,Fitness/Sports,27770.0
2019,March,Amazon,Others,1160.0
2019,March,North,Health Center,625.0
2019,March,North,Health Center,12946.0
2019,March,West 1,Fitness/Sports,0.0
2019,March,Amazon,Others,1160.0
2019,March,Amazon,Others,1160.0
2019,March,Amazon,Others,1160.0
2019,March,Amazon,Others,1160.0
2019,March,Amazon,Enterprise,17411.0
2019,March,West 1,Enterprise,4464.0
2019,March,North,Health Center,12946.0
2019,March,Amazon,Others,1160.0
2019,March,West 1,Health Center,330357.0
2019,March,West 1,Health Center,4464.0
2019,March,South,Care Center,660535.0
2019,March,South,Care Center,179.0
2019,March,Amazon,Others,1160.0
2019,March,Amazon,Others,21411.0
2019,March,Amazon,Others,1160.0
2019,March,Amazon,Others,1160.0
2019,March,North,Fitness/Sports,410612.0
2019,March,North,Fitness/Sports,268.0
2019,March,Amazon,Others,1160.0
2019,March,North,Enterprise,125000.0
2019,March,West 2,Fitness/Sports,4464.0
2019,March,West 1,Enterprise,392438.0
2019,March,West 1,Enterprise,420.0
2019,March,Amazon,Others,1160.0
2019,March,Amazon,Others,1160.0
2019,March,West 1,Government,1219643.0
2019,March,West 1,Government,0.0
2019,March,West 1,Fitness/Sports,178571.0
2019,March,West 1,Fitness/Sports,4464.0
2019,March,West 1,Fitness/Sports,4464.0
2019,March,South,Fitness/Sports,463036.0
2019,March,South,Fitness/Sports,1250.0
2019,March,West 1,Fitness/Sports,178571.0
2019,March,West 1,Fitness/Sports,4464.0
2019,March,West 1,Fitness/Sports,4464.0
2019,March,North,Hospitals,356607.0
2019,March,North,Hospitals,536.0
2019,March,North,Fitness/Sports,13393.0
2019,March,South,Fitness/Sports,330357.0
2019,March,South,Fitness/Sports,4464.0
2019,March,West 1,Hospitals,504464.0
2019,March,West 1,Hospitals,4464.0
2019,April,South,Fitness/Sports,142857.0
2019,April,South,Fitness/Sports,2679.0
2019,April,South,Fitness/Sports,1786.0
2019,April,West 1,Fitness/Sports,196429.0
2019,April,West 1,Fitness/Sports,1786.0
2019,April,West 1,Fitness/Sports,446.0
2019,April,North,Scientific Research Institute,1207230.0
2019,April,North,Scientific Research Institute,1.0
2019,April,North,Scientific Research Institute,1.0
2019,April,North,Enterprise,2741071.0
2019,April,North,Enterprise,4464.0
2019,April,North,Enterprise,4464.0
2019,April,West 2,Fitness/Sports,13500.0
2019,April,West 2,Fitness/Sports,12500.0
2019,April,West 2,Fitness/Sports,15625.0
2019,April,Amazon,Others,1160.0
2019,April,West 2,Fitness/Sports,401250.0
2019,April,West 2,Fitness/Sports,536.0
2019,April,East,Fitness/Sports,419732.0
2019,April,East,Fitness/Sports,5357.0
2019,April,Amazon,Others,1160.0
2019,April,Amazon,Others,1160.0
2019,April,Amazon,Others,1160.0
2019,April,East,Health Center,8000.0
2019,April,East,Health Center,8000.0
2019,April,Amazon,Others,1160.0
2019,April,Amazon,Others,1160.0
2019,April,Amazon,Others,1160.0
2019,April,Amazon,Others,1160.0
2019,April,West 2,Pharmacy,196429.0
2019,April,West 2,Pharmacy,2679.0
2019,April,West 2,Pharmacy,1786.0
2019,April,Amazon,Others,21482.0
2019,April,West 1,Care Center,129491.0
2019,April,West 1,Care Center,2679.0
2019,April,West 1,Care Center,1786.0
2019,April,Amazon,Others,1160.0
2019,April,Amazon,Others,21411.0
2019,April,Amazon,Others,1160.0
2019,April,North,Health Center,12946.0
2019,April,North,Health Center,12946.0
2019,April,Amazon,Others,21411.0
2019,April,West 1,Fitness/Sports,354564.0
2019,April,West 1,Fitness/Sports,1250.0
2019,April,West 1,Fitness/Sports,1116.0
2019,April,West 1,Fitness/Sports,268.0
2019,April,Amazon,Others,1160.0
2019,April,North,Fitness/Sports,187500.0
2019,April,North,Fitness/Sports,13393.0
2019,April,North,Fitness/Sports,4464.0
2019,April,Amazon,Others,1160.0
2019,April,Amazon,Others,1160.0
2019,April,South,Health Center,329464.0
2019,April,South,Health Center,893.0
2019,April,South,Fitness/Sports,0.0
2019,April,North,Fitness,535714.0
2019,April,North,Fitness,21429.0
2019,April,North,Fitness,5357.0
2019,April,North,Fitness/Sports,205357.0
2019,April,North,Fitness/Sports,0.0
2019,April,North,Fitness/Sports,0.0
2019,April,North,Fitness/Sports,205357.0
2019,April,North,Fitness/Sports,0.0
2019,April,North,Fitness/Sports,0.0
2019,April,North,Fitness/Sports,205357.0
2019,April,North,Fitness/Sports,0.0
2019,April,North,Fitness/Sports,0.0
2019,April,West 1,Enterprise,0.0
2019,April,Amazon,Others,1160.0
2019,April,Amazon,Others,1160.0
2019,April,West 1,Golf club,42203.0
2019,April,West 1,Others,18750.0
2019,April,West 1,Fitness/Sports,381829.0
2019,April,West 1,Fitness/Sports,2100.0
2019,April,Amazon,Others,1160.0
2019,April,Amazon,Others,1160.0
2019,May,West 1,Fitness/Sports,5357.0
2019,May,West 1,Fitness/Sports,169643.0
2019,May,West 1,Fitness/Sports,44643.0
2019,May,West 1,Fitness/Sports,2679.0
2019,May,West 1,Fitness/Sports,1786.0
2019,May,West 1,Fitness/Sports,1160.0
2019,May,East,Fitness/Sports,4018.0
2019,May,West 1,Fitness/Sports,13393.0
2019,May,West 2,Fitness/Sports,0.0
2019,May,West 2,Fitness/Sports,0.0
2019,May,West 2,Fitness/Sports,0.0
2019,May,West 1,Hospitals,388125.0
2019,May,West 1,Hospitals,268.0
2019,May,West 1,Hospitals,558068.0
2019,May,West 1,Hospitals,2679.0
2019,May,West 1,Hospitals,1786.0
2019,May,West 1,Hospitals,17857.0
2019,May,Amazon,Others,1160.0
2019,May,Amazon,Others,1160.0
2019,May,Amazon,Others,1054.0
2019,May,Amazon,Others,1160.0
2019,May,Amazon,Others,1160.0
2019,May,Amazon,Others,1160.0
2019,May,North,Enterprise,0.0
2019,May,Amazon,Others,21411.0
2019,May,West 2,Fitness/Sports,408214.0
2019,May,West 2,Fitness/Sports,2500.0
2019,May,Amazon,Others,1160.0
2019,May,Amazon,Others,1160.0
2019,May,Amazon,Others,1160.0
2019,May,West 1,Others,0.0
2019,May,West 1,Fitness/Sports,1786.0
2019,May,Amazon,Others,1160.0
2019,May,North,Fitness/Sports,399464.0
2019,May,North,Fitness/Sports,536.0
2019,May,South,Fitness/Sports,14422.0
2019,May,West 1,Health Center,204911.0
2019,May,West 1,Health Center,250.0
2019,May,West 1,Health Center,71.0
2019,May,Amazon,Others,1160.0
2019,May,West 1,,0.0
2019,May,West 1,Fitness/Sports,459875.0
2019,May,West 1,Fitness/Sports,393.0
2019,May,West 1,Fitness/Sports,8482.0
2019,May,South,Fitness/Sports,397321.0
2019,May,South,Fitness/Sports,4464.0
2019,May,West 1,,0.0
2019,May,Amazon,Medical,21411.0
2019,May,Amazon,Others,1160.0
2019,May,South,Health Center,2200.0
2019,May,Amazon,Others,1160.0
2019,May,East,Health Center,2600.0
2019,May,West 2,Fitness,374464.0
2019,May,West 2,Fitness,536.0
2019,May,South,Fitness,4704.0
2019,May,West 1,Fitness,10000.0
2019,June,East,Fitness/Sports,357143.0
2019,June,East,Fitness/Sports,4491.0
2019,June,Amazon,Others,1160.0
2019,June,Amazon,Others,1160.0
2019,June,West 1,Fitness/Sports,207955.0
2019,June,West 1,Fitness/Sports,50.0
2019,June,West 1,Fitness/Sports,25.0
2019,June,West 1,Fitness/Sports,7063.0
2019,June,South,Pharmacy,1032143.0
2019,June,South,Pharmacy,0.0
2019,June,South,Health Center,255409.0
2019,June,South,Health Center,325.0
2019,June,South,Pharmacy,1032143.0
2019,June,South,Pharmacy,0.0
2019,June,East,Fitness/Sports,0.0
2019,June,Amazon,Others,1160.0
2019,June,West 2,Fitness/Sports,375000.0
2019,June,West 2,Fitness/Sports,893.0
2019,June,West 2,Fitness/Sports,25893.0
2019,June,North,Fitness/Sports,540179.0
2019,June,North,Fitness/Sports,4464.0
2019,June,Amazon,Others,21411.0
2019,June,Amazon,Others,1160.0
2019,June,Amazon,Others,1160.0
2019,June,South,Pharmacy,1032143.0
2019,June,South,Pharmacy,0.0
2019,June,South,Health Center,1629464.0
2019,June,South,Health Center,22321.0
2019,June,South,Health Center,651786.0
2019,June,South,Health Center,8929.0
2019,June,South,Health Center,651786.0
2019,June,South,Health Center,8929.0
2019,June,South,Fitness/Sports,410625.0
2019,June,South,Fitness/Sports,536.0
2019,June,North,Fitness/Sports,214286.0
2019,June,North,Fitness/Sports,8929.0
2019,June,North,Fitness/Sports,4464.0
2019,June,North,Fitness/Sports,4464.0
2019,June,West 2,Hospitals,356607.0
2019,June,West 2,Hospitals,536.0
2019,June,West 1,Enterprise,898214.0
2019,June,West 1,Enterprise,1786.0
2019,June,Amazon,Others,1160.0
2019,June,Amazon,Others,1160.0
2019,June,Amazon,Others,1160.0
2019,June,Amazon,Others,1160.0
2019,June,Amazon,Others,1160.0
2019,June,West 1,Health Center,22321.0
2019,June,North,Others,18973.0
2019,June,West 1,Health Center,12500.0
2019,June,West 1,Enterprise,178393.0
2019,June,West 1,Enterprise,125.0
2019,June,West 1,Enterprise,54.0
2019,June,West 1,Fitness/Sports,325893.0
2019,June,West 1,Fitness/Sports,4464.0
2019,June,West 1,Fitness/Sports,490750.0
2019,June,West 1,Fitness/Sports,321.0
2019,June,Amazon,Others,1160.0
2019,June,Amazon,Others,1160.0
2019,June,Amazon,Others,21411.0
2019,June,Amazon,Others,1160.0
2019,June,East,Fitness/Sports,487500.0
2019,June,East,Fitness/Sports,2250.0
2019,June,East,Fitness/Sports,429.0
2019,June,West 1,Fitness/Sports,4464.0
2019,June,West 2,Fitness/Sports,249464.0
2019,June,West 2,Fitness/Sports,536.0
2019,June,East,Fitness/Sports,178571.0
2019,June,East,Fitness/Sports,17857.0
2019,June,East,Fitness/Sports,4464.0
2019,June,Amazon,Others,1160.0
2019,June,Amazon,Others,1160.0
2019,July,West 1,Hospitals,356705.0
2019,July,West 1,Hospitals,429.0
2019,July,South,Fitness/Sports,857143.0
2019,July,South,Fitness/Sports,16071.0
2019,July,South,Fitness/Sports,10714.0
2019,July,West 1,Enterprise,53571.0
2019,July,West 1,Fitness/Sports,330357.0
2019,July,West 1,Fitness/Sports,4464.0
2019,July,Amazon,Others,1160.0
2019,July,Amazon,Others,1160.0
2019,July,Amazon,Others,1160.0
2019,July,Amazon,Others,1160.0
2019,July,Amazon,Others,1160.0
2019,July,Amazon,Others,21411.0
2019,July,Amazon,Others,1160.0
2019,July,Amazon,Others,1160.0
2019,July,Amazon,Others,1160.0
2019,July,West 2,Fitness/Sports,12000.0
2019,July,North,Fitness,406250.0
2019,July,North,Fitness,1786.0
2019,July,North,Fitness,2679.0
2019,July,West 2,Fitness/Sports,392321.0
2019,July,West 2,Fitness/Sports,536.0
2019,July,South,Health Center,4100.0
2019,July,Amazon,Others,1160.0
2019,July,South,Fitness/Sports,401786.0
2019,July,South,Fitness/Sports,0.0
2019,July,South,Fitness/Sports,4464.0
2019,July,West 2,Fitness/Sports,2232.0
2019,July,North,Fitness/Sports,535714.0
2019,July,North,Fitness/Sports,4464.0
2019,July,North,Fitness/Sports,4464.0
2019,July,South,Fitness/Sports,10536.0
2019,July,East,Enterprise,343750.0
2019,July,East,Enterprise,4464.0
2019,July,North,Hospitals,195536.0
2019,July,North,Hospitals,286.0
2019,July,North,Hospitals,179.0
2019,July,Amazon,Others,1160.0
2019,July,Amazon,Others,1160.0
2019,July,Amazon,Others,1160.0
2019,July,Amazon,Others,1160.0
2019,July,Amazon,Others,1160.0
2019,July,Amazon,Others,21411.0
2019,July,West 1,Pharmacy,18304.0
2019,July,South,Health Center,13450.0
2019,July,South,Others,18750.0
2019,July,Amazon,Others,1160.0
2019,July,Amazon,Others,21411.0
2019,July,Amazon,Others,21411.0
2019,July,North,Hospitals,357143.0
2019,July,North,Hospitals,0.0
2019,July,Amazon,Others,1160.0
2019,July,West 1,Hospitals,8929.0
2019,July,West 1,Hospitals,4464.0
2019,July,South,Fitness/Sports,415179.0
2019,July,South,Fitness/Sports,4464.0
2019,July,West 1,Fitness/Sports,5261.0
2019,July,Amazon,Others,1160.0
2019,July,Amazon,Others,1160.0
2019,July,Amazon,Others,1160.0
2019,July,Amazon,Others,1160.0
2019,July,Amazon,Others,21411.0
2019,July,South,Fitness/Sports,352679.0
2019,July,South,Fitness/Sports,2679.0
2019,July,South,Fitness/Sports,1786.0
2019,July,North,Fitness/Sports,0.0
2019,July,North,Fitness/Sports,0.0
2019,July,North,Fitness/Sports,0.0
2019,July,North,Fitness/Sports,400446.0
2019,July,North,Fitness/Sports,536.0
2019,July,North,Fitness/Sports,4634.0
2019,July,Amazon,Others,1160.0
2019,July,Amazon,Others,21411.0
2019,July,West 1,Enterprise,187500.0
2019,July,West 1,Enterprise,2679.0
2019,July,West 1,Enterprise,2679.0
2019,July,West 1,Enterprise,3571.0
2019,July,West 2,Hospitals,159107.0
2019,July,West 2,Hospitals,1250.0
2019,July,West 2,Hospitals,357.0
2019,August,South,Fitness/Sports,10000.0
2019,August,Amazon,Others,21411.0
2019,August,Amazon,Others,1160.0
2019,August,North,Health Center,200893.0
2019,August,North,Health Center,3750.0
2019,August,North,Health Center,714.0
2019,August,West 1,Fitness/Sports,2679.0
2019,August,Amazon,Others,1160.0
2019,August,Amazon,Others,1160.0
2019,August,West 1,Enterprise,12200.0
2019,August,South,Fitness/Sports,389286.0
2019,August,South,Fitness/Sports,714.0
2019,August,West 2,Hospitals,377232.0
2019,August,West 2,Hospitals,536.0
2019,August,South,Health Center,5100.0
2019,August,West 1,Fitness/Sports,384821.0
2019,August,West 1,Fitness/Sports,223.0
2019,August,Amazon,Others,1160.0
2019,August,Amazon,Others,21411.0
2019,August,Amazon,Others,21411.0
2019,August,Amazon,Others,1160.0
2019,August,Amazon,Others,1160.0
2019,August,Amazon,Others,1160.0
2019,August,West 1,Fitness/Sports,338839.0
2019,August,West 1,Fitness/Sports,214.0
2019,August,West 1,Fitness/Sports,249.0
2019,August,South,Fitness/Sports,401786.0
2019,August,South,Fitness/Sports,1786.0
2019,August,South,Fitness/Sports,2679.0
2019,August,Amazon,Others,1160.0
2019,August,South,Health Center,343750.0
2019,August,South,Health Center,4464.0
2019,August,South,Health Center,343750.0
2019,August,South,Health Center,4464.0
2019,August,South,Others,343750.0
2019,August,South,Others,4464.0
2019,August,South,Fitness/Sports,396429.0
2019,August,South,Fitness/Sports,3571.0
2019,August,Amazon,Others,1160.0
2019,August,Amazon,Others,21411.0
2019,August,Amazon,Others,21411.0
2019,August,Amazon,Others,1160.0
2019,August,Amazon,Others,1160.0
2019,August,Amazon,Others,1160.0
2019,August,North,Fitness/Sports,8929.0
2019,August,North,Fitness/Sports,3000.0
2019,August,North,Fitness/Sports,370536.0
2019,August,North,Fitness/Sports,4464.0
2019,August,North,Fitness/Sports,4464.0
2019,August,Amazon,Others,1160.0
2019,August,Amazon,Others,21411.0
2019,August,South,Fitness/Sports,14732.0
2019,August,West 1,Fitness/Sports,377036.0
2019,August,West 1,Fitness/Sports,2429.0
2019,August,West 1,Enterprise,198884.0
2019,August,West 1,Enterprise,1500.0
2019,August,West 1,Enterprise,357.0
2019,August,West 1,Fitness/Sports,159509.0
2019,August,West 1,Fitness/Sports,80.0
2019,August,West 1,Fitness/Sports,1125.0
2019,August,West 2,Health Center,6000.0
2019,August,South,Fitness/Sports,529464.0
2019,August,South,Fitness/Sports,536.0
2019,August,Amazon,Others,21411.0
2019,August,West 1,Fitness/Sports,0.0
2019,August,South,Health Center,13350.0
2019,August,South,Fitness/Sports,23791.0
2019,August,West 1,Fitness/Sports,1786.0
2019,August,Amazon,Others,1160.0
2019,August,Amazon,Others,1160.0
2019,August,South,Fitness/Sports,18286.0
2019,August,West 2,Fitness/Sports,406250.0
2019,August,West 2,Fitness/Sports,4464.0
2019,August,West 2,Fitness/Sports,486607.0
2019,August,West 2,Fitness/Sports,4464.0
2019,August,South,Fitness,517857.0
2019,August,South,Fitness,5357.0
2019,August,Amazon,Others,21411.0
2019,August,Amazon,Others,1160.0
2019,August,Amazon,Others,1160.0
2019,August,Amazon,Others,1160.0
2019,September,Amazon,Others,1160.0
2019,September,Amazon,Others,1160.0
2019,September,Amazon,Others,1160.0
2019,September,Amazon,Others,1160.0
2019,September,Amazon,Others,1160.0
2019,September,Amazon,Others,1160.0
2019,September,Amazon,Others,21411.0
2019,September,West 1,Fitness/Sports,202500.0
2019,September,West 1,Fitness/Sports,357.0
2019,September,West 1,Fitness/Sports,2500.0
2019,September,Amazon,Others,21411.0
2019,September,North,Fitness/Sports,373929.0
2019,September,North,Fitness/Sports,1071.0
2019,September,East,Fitness/Sports,218750.0
2019,September,East,Fitness/Sports,179.0
2019,September,East,Fitness/Sports,45.0
2019,September,East,Fitness/Sports,191964.0
2019,September,East,Fitness/Sports,2679.0
2019,September,East,Fitness/Sports,6250.0
2019,September,East,Fitness/Sports,4464.0
2019,September,Amazon,Others,1160.0
2019,September,Amazon,Others,1160.0
2019,September,Amazon,Others,1160.0
2019,September,Amazon,Others,1160.0
2019,September,Amazon,Others,1160.0
2019,September,Amazon,Others,1160.0
2019,September,North,Fitness/Sports,12946.0
2019,September,West 1,Fitness/Sports(Special),176786.0
2019,September,West 1,Fitness/Sports(Special),1429.0
2019,September,West 1,Fitness/Sports(Special),357.0
2019,September,North,Fitness/Sports,17857.0
2019,September,East,Fitness/Sports,35277.0
2019,September,North,Fitness/Sports,401786.0
2019,September,North,Fitness/Sports,1741.0
2019,September,North,Fitness/Sports,526786.0
2019,September,North,Fitness/Sports,4589.0
2019,September,West 1,Health Center,90607.0
2019,September,West 1,Health Center,11537.0
2019,September,South,Fitness/Sports,388393.0
2019,September,South,Fitness/Sports,4464.0
2019,September,South,Fitness/Sports,377232.0
2019,September,South,Fitness/Sports,5357.0
2019,September,South,Fitness/Sports,51518.0
2019,September,Amazon,Others,1160.0
2019,September,Amazon,Others,1160.0
2019,September,North,Fitness/Sports,0.0
2019,September,Amazon,Others,1160.0
2019,September,North,Fitness/Sports,409196.0
2019,September,North,Fitness/Sports,268.0
2019,September,North,Fitness/Sports,1250.0
2019,September,West 1,Hospitals,390589.0
2019,September,West 1,Hospitals,107.0
2019,September,West 1,Hospitals,1786.0
2019,September,West 1,Hospitals,357397.0
2019,September,West 1,Hospitals,1339.0
2019,September,North,Hospitals,231179.0
2019,September,North,Hospitals,714.0
2019,September,North,Hospitals,250.0
2019,September,West 2,Fitness/Sports,374464.0
2019,September,West 2,Fitness/Sports,536.0
2019,September,West 2,Fitness/Sports,356607.0
2019,September,West 2,Fitness/Sports,536.0
2019,September,East,Fitness/Sports,184821.0
2019,September,East,Fitness/Sports,2500.0
2019,September,East,Fitness/Sports,179.0
2019,September,North,Health Center,343750.0
2019,September,North,Health Center,4464.0
2019,September,North,Fitness/Sports,8429.0
2019,September,Amazon,Others,1160.0
2019,September,Amazon,Others,1160.0
2019,September,Amazon,Others,1160.0
2019,September,Amazon,Others,19625.0
2019,September,Amazon,Others,1160.0
2019,September,West 1,Enterprise,320357.0
2019,September,West 1,Enterprise,1071.0
2019,September,Amazon,Others,1160.0
2019,September,Amazon,Others,1160.0
2019,October,East,Fitness/Sports,205036.0
2019,October,East,Fitness/Sports,250.0
2019,October,East,Fitness/Sports,71.0
2019,October,South,Fitness/Sports,625000.0
2019,October,South,Fitness/Sports,883929.0
2019,October,South,Fitness/Sports,0.0
2019,October,South,Fitness/Sports,0.0
2019,October,Amazon,Others,19625.0
2019,October,Amazon,Others,1160.0
2019,October,Amazon,Others,1160.0
2019,October,Amazon,Others,1160.0
2019,October,Amazon,Others,19625.0
2019,October,Amazon,Others,1160.0
2019,October,South,Fitness/Sports,6321.0
2019,October,North,Fitness/Sports,352679.0
2019,October,North,Fitness/Sports,4464.0
2019,October,Amazon,Others,1160.0
2019,October,North,Hospitals,16856.0
2019,October,North,Health Center,3571.0
2019,October,West 1,Health Center,172768.0
2019,October,West 1,Health Center,2500.0
2019,October,West 1,Health Center,625.0
2019,October,Amazon,Others,1160.0
2019,October,Amazon,Others,1160.0
2019,October,Amazon,Others,19625.0
2019,October,Amazon,Others,1160.0
2019,October,Amazon,Others,19625.0
2019,October,West 1,Fitness/Sports,397366.0
2019,October,West 1,Fitness/Sports,0.0
2019,October,West 1,Fitness/Sports,0.0
2019,October,Amazon,Others,1160.0
2019,October,East,Fitness/Sports,200893.0
2019,October,East,Fitness/Sports,2679.0
2019,October,East,Fitness/Sports,1786.0
2019,October,Amazon,Others,1160.0
2019,October,West 1,Health Center,354911.0
2019,October,West 1,Health Center,1786.0
2019,October,West 1,Health Center,0.0
2019,October,Amazon,Others,1160.0
2019,October,South,Hospitals,589286.0
2019,October,South,Hospitals,2679.0
2019,October,South,Hospitals,1786.0
2019,October,South,Fitness/Sports,357143.0
2019,October,South,Fitness/Sports,12500.0
2019,October,South,Fitness/Sports,493750.0
2019,October,South,Fitness/Sports,6250.0
2019,October,South,Fitness/Sports,495536.0
2019,October,South,Fitness/Sports,4464.0
2019,October,Amazon,Others,1160.0
2019,October,Amazon,Others,1160.0
2019,October,Amazon,Others,1160.0
2019,October,Amazon,Others,19625.0
2019,October,East,Fitness/Sports,535714.0
2019,October,East,Fitness/Sports,48.0
2019,October,Amazon,Others,1160.0
2019,October,Amazon,Others,1160.0
2019,October,Amazon,Others,19625.0
2019,October,South,Enterprise,419643.0
2019,October,South,Enterprise,54.0
2019,October,South,Enterprise,625.0
2019,October,Amazon,Others,1160.0
2019,October,West 1,Nutrition,172768.0
2019,October,West 1,Nutrition,625.0
2019,October,West 1,Nutrition,714.0
2019,October,North,Nutrition,172768.0
2019,October,North,Nutrition,625.0
2019,October,North,Nutrition,714.0
2019,October,West 1,Nutrition,172768.0
2019,October,West 1,Nutrition,625.0
2019,October,West 1,Nutrition,714.0
2019,October,West 1,Fitness/Sports,971339.0
2019,October,West 1,Fitness/Sports,67.0
2019,October,West 1,Fitness/Sports,20313.0
2019,October,West 1,Fitness/Sports,100781.0
2019,October,West 1,Fitness/Sports,1250.0
2019,October,East,Government,3419643.0
2019,October,East,Government,10714.0
2019,October,East,Government,7143.0
2019,October,West 2,Others,86864.0
2019,November,West 2,Fitness/Sports,410304.0
2019,November,West 2,Fitness/Sports,536.0
2019,November,West 2,Fitness/Sports,17956.0
2019,November,North,Nutrition,176786.0
2019,November,North,Nutrition,893.0
2019,November,North,Nutrition,893.0
2019,November,Amazon,Others,1160.0
2019,November,Amazon,Others,1160.0
2019,November,Amazon,Others,19625.0
2019,November,Amazon,Others,1160.0
2019,November,Amazon,Others,1160.0
2019,November,Amazon,Others,19625.0
2019,November,West 2,Fitness,325893.0
2019,November,West 2,Fitness,4464.0
2019,November,North,Fitness/Sports,406250.0
2019,November,North,Fitness/Sports,4464.0
2019,November,South,Health Center,12946.0
2019,November,Amazon,Others,19625.0
2019,November,Amazon,Others,19625.0
2019,November,Amazon,Others,19625.0
2019,November,Amazon,Others,19625.0
2019,November,Amazon,Others,1160.0
2019,November,West 2,Fitness/Sports,12946.0
2019,November,East,Health Center,343750.0
2019,November,East,Health Center,4464.0
2019,November,East,Health Center,343750.0
2019,November,East,Health Center,4464.0
2019,November,West 1,Fitness/Sports,391205.0
2019,November,West 1,Fitness/Sports,1652.0
2019,November,West 1,Fitness/Sports,5362.0
2019,November,West 1,Pharmacy,6400.0
2019,November,West 2,Health Center,12946.0
2019,November,Amazon,Others,19625.0
2019,November,Amazon,Others,19625.0
2019,November,Amazon,Others,1160.0
2019,November,Amazon,Others,1160.0
2019,November,Amazon,Others,19625.0
2019,November,Amazon,Others,1160.0
2019,November,Amazon,Others,1160.0
2019,November,North,Fitness/Sports,12946.0
2019,November,West 2,Fitness/Sports,168750.0
2019,November,West 2,Fitness/Sports,750.0
2019,November,West 2,Fitness/Sports,143.0
2019,November,Amazon,Others,1160.0
2019,November,Amazon,Others,1160.0
2019,November,Amazon,Others,1160.0
2019,November,Amazon,Others,1160.0
2019,November,South,Fitness/Sports,357143.0
2019,November,South,Fitness/Sports,15357.0
2019,November,Amazon,Others,1160.0
2019,November,Amazon,Others,19625.0
2019,December,Amazon,Others,19625.0
2019,December,Amazon,Others,1160.0
2019,December,Region,Others,0.0
2019,December,South,Fitness/Sports,14732.0
2019,December,North,Health Center,508661.0
2019,December,North,Health Center,268.0
2019,December,North,Enterprise,250000.0
2019,December,North,Fitness/Sports,187500.0
2019,December,North,Fitness/Sports,446.0
2019,December,North,Fitness/Sports,54.0
2019,December,North,Health Center,42200.0
2019,December,Amazon,Others,1160.0
2019,December,West 1,Hospitals,16949.0
2019,December,West 1,Enterprise,435021.0
2019,December,West 1,Enterprise,2679.0
2019,December,West 2,Fitness/Sports,375268.0
2019,December,West 2,Fitness/Sports,0.0
2019,December,South,Health Center,348125.0
2019,December,South,Health Center,49.0
2019,December,South,Hospitals,187500.0
2019,December,South,Hospitals,2679.0
2019,December,South,Hospitals,1786.0
2019,December,East,Fitness/Sports,375000.0
2019,December,East,Fitness/Sports,4464.0
2019,December,West 2,Health Center,300000.0
2019,December,West 2,Health Center,0.0
2019,December,West 1,Fitness/Sports,6630.0
2019,December,North,Fitness/Sports,187500.0
2019,December,North,Fitness/Sports,232.0
2019,December,North,Fitness/Sports,268.0
2019,December,North,Others,526786.0
2019,December,North,Others,0.0
2019,December,Amazon,Others,19625.0
2019,December,West 1,Care Center,178571.0
2019,December,West 1,Care Center,0.0
2019,December,West 1,Care Center,0.0
2019,December,Amazon,Others,1160.0
2019,December,West 1,Fitness/Sports,9643.0
2019,December,West 1,Enterprise,419643.0
2019,December,West 1,Enterprise,357.0
2019,December,West 1,Enterprise,354241.0
2019,December,West 1,Enterprise,2902.0
2019,December,Amazon,Others,19625.0
2019,December,Amazon,Others,1160.0
2019,December,Amazon,Others,19625.0
2019,December,Amazon,Others,19625.0
2019,December,Amazon,Others,1160.0
2019,December,Amazon,Others,19625.0
2019,December,Amazon,Others,1160.0
2019,December,Amazon,Others,1160.0
2019,December,West 1,Diet,355536.0
2019,December,West 1,Diet,1607.0
2019,December,West 2,Fitness/Sports,376804.0
2019,December,West 2,Fitness/Sports,536.0
2019,December,West 1,Fitness/Sports,379554.0
2019,December,West 1,Fitness/Sports,446.0
2019,December,West 1,Fitness/Sports,194866.0
2019,December,West 1,Fitness/Sports,313.0
2019,December,West 1,Fitness/Sports,1250.0
2019,December,East,Fitness/Sports,497656.0
2019,December,East,Fitness/Sports,94.0
2019,December,East,Fitness/Sports,2250.0
2019,December,Amazon,Others,1160.0
2019,December,West 1,Fitness/Sports,389914.0
2019,December,West 1,Fitness/Sports,536.0
2019,December,West 2,Fitness/Sports,158357.0
2019,December,West 2,Fitness/Sports,5000.0
2019,December,West 2,Fitness/Sports,2143.0
2019,December,Amazon,Others,1160.0
2019,December,North,Hospitals,912500.0
2019,December,North,Hospitals,893.0
2019,December,North,Hospitals,893.0
2019,December,North,Hospitals,893.0
2019,December,West 2,Fitness/Sports,378571.0
2019,December,West 2,Fitness/Sports,536.0
2019,December,South,Fitness/Sports,414643.0
2019,December,South,Fitness/Sports,5000.0
2019,December,South,Fitness/Sports,0.0
2019,December,South,Fitness/Sports,405982.0
2019,December,South,Fitness/Sports,0.0
2019,December,South,Fitness/Sports,48750.0
2019,December,West 1,Fitness/Sports,176786.0
2019,December,West 1,Fitness/Sports,1500.0
2019,December,West 1,Fitness/Sports,357.0
2019,December,West 1,Fitness/Sports,134.0
2019,December,West 1,Fitness/Sports,381964.0
2019,December,West 1,Fitness/Sports,1964.0
2019,December,Amazon,Others,19625.0
2019,December,Amazon,Others,1160.0
2020,January,Amazon,Others,1159.8214289999999
2020,January,Amazon,Others,19625.0
2020,January,Amazon,Others,1159.8214289999999
2020,January,Amazon,Others,19625.0
2020,January,West 2,Fitness/Sports,2232.142857
2020,January,West 1,Care Center,16071.428569999998
2020,January,Amazon,Others,19625.0
2020,January,Amazon,Others,1159.8214289999999
2020,January,South,Fitness/Sports,223214.2857
2020,January,South,Fitness/Sports,2678.571429
2020,January,South,Fitness/Sports,1785.714286
2020,January,Amazon,Others,1159.8214289999999
2020,January,Amazon,Others,1159.8214289999999
2020,January,West 2,Health Center,258814.2857
2020,January,West 2,Health Center,292.85714289999993
2020,January,Amazon,Others,1159.8214289999999
2020,January,Amazon,Others,19625.0
2020,January,South,Fitness/Sports,389285.7143
2020,January,South,Fitness/Sports,714.2857142999999
2020,January,Amazon,Others,19625.0
2020,January,Amazon,Others,1159.8214289999999
2020,January,Amazon,Others,19625.0
2020,January,Amazon,Others,1159.8214289999999
2020,January,Amazon,Others,1159.8214289999999
2020,January,Amazon,Others,1159.8214289999999
2020,January,South,Fitness/Sports,204910.7143
2020,January,South,Fitness/Sports,71.42857143
2020,January,South,Fitness/Sports,375.0
2020,January,East,Fitness/Sports,187678.5714
2020,January,East,Fitness/Sports,71.42857143
2020,January,East,Fitness/Sports,250.0
2020,January,South,Fitness/Sports,17857.14286
2020,January,North,Health Center,348174.1071
2020,January,North,Health Center,0.0
2020,January,Amazon,Others,1159.8214289999999
2020,January,Amazon,Others,1159.8214289999999
2020,January,West 1,Fitness/Sports,184875.0
2020,January,West 1,Fitness/Sports,2500.0
2020,January,West 1,Fitness/Sports,625.0
2020,January,West 1,Fitness/Sports,176785.7143
2020,January,West 1,Fitness/Sports,1250.0
2020,January,West 1,Fitness/Sports,535.7142857
2020,January,Amazon,Others,1159.8214289999999
2020,January,Amazon,Others,1159.8214289999999
2020,January,Amazon,Others,1159.8214289999999
2020,January,Amazon,Others,19625.0
2020,January,Amazon,Others,1159.8214289999999
2020,January,West 2,Fitness/Sports,372500.0
2020,January,West 2,Fitness/Sports,2500.0
2020,January,West 1,Enterprise,8928.571429000001
2020,January,Amazon,Others,1159.8214289999999
2020,January,Amazon,Others,19625.0
2020,January,North,Fitness/Sports,191357.1429
2020,January,North,Fitness/Sports,250.0
2020,January,North,Fitness/Sports,357.14285710000007
2020,January,West 1,Fitness/Sports,324642.8571
2020,January,West 1,Fitness/Sports,1250.0
2020,January,South,Government,180357.1429
2020,January,South,Government,714.2857142999999
2020,January,South,Government,2500.0
2020,January,West 2,Fitness/Sports,354615.0
2020,January,West 2,Fitness/Sports,2500.0
2020,February,Amazon,Others,1159.8214289999999
2020,February,Amazon,Others,19625.0
2020,February,Amazon,Others,19625.0
2020,February,Amazon,Others,1159.8214289999999
2020,February,Amazon,Others,1159.8214289999999
2020,February,West 1,Fitness/Sports,16949.15254
2020,February,South,Diet,20535.71429
2020,February,North,Fitness/Sports,400000.0
2020,February,North,Fitness/Sports,0.0
2020,February,Amazon,Others,1159.8214289999999
2020,February,Amazon,Others,19625.0
2020,February,Amazon,Others,2319.642857
2020,February,Amazon,Others,19625.0
2020,February,Amazon,Others,1159.8214289999999
2020,February,South,Fitness/Sports,355357.1429
2020,February,South,Fitness/Sports,1785.714286
2020,February,North,Enterprise,400200.0
2020,February,North,Enterprise,0.0
2020,February,South,Skin&SPA,377678.5714
2020,February,South,Skin&SPA,0.0
2020,February,East,Fitness/Sports,370000.0
2020,February,East,Fitness/Sports,535.7142857
2020,February,East,Fitness/Sports,370000.0
2020,February,East,Fitness/Sports,535.7142857
2020,February,Amazon,Others,1159.8214289999999
2020,February,Amazon,Others,19625.0
2020,February,West 1,Hospitals,16949.15254
2020,February,West 1,Fitness/Sports,11004.46429
2020,February,Amazon,Others,19625.0
2020,February,Amazon,Others,1159.8214289999999
2020,February,Amazon,Others,1159.8214289999999
2020,February,South,Others,205357.1429
2020,February,South,Others,267.8571429
2020,February,South,Others,357.14285710000007
2020,February,South,Health Center,398214.2857
2020,February,South,Health Center,892.8571429
2020,February,South,Health Center,892.8571429
2020,February,South,Fitness/Sports,408928.5714
2020,February,South,Fitness/Sports,892.8571429
2020,February,South,Fitness/Sports,892.8571429
2020,February,West 1,Fitness/Sports,332678.5714
2020,February,West 1,Fitness/Sports,2142.857143
2020,February,South,Fitness/Sports,408928.5714
2020,February,South,Fitness/Sports,446.42857139999995
2020,February,South,Fitness/Sports,446.42857139999995
2020,February,Amazon,Others,1159.8214289999999
2020,February,Amazon,Others,1159.8214289999999
2020,February,Amazon,Others,1159.8214289999999
2020,February,South,Health Center,41758.92857
2020,February,West 1,Enterprise,435000.0
2020,February,West 1,Enterprise,2678.571429
2020,February,West 2,Fitness/Sports,175885.7143
2020,February,West 2,Fitness/Sports,714.2857142999999
2020,February,West 2,Fitness/Sports,2500.0
2020,February,West 2,Enterprise,166885.7143
2020,February,West 2,Enterprise,2500.0
2020,February,West 2,Enterprise,714.2857142999999
2020,February,Amazon,Others,1159.8214289999999
2020,February,Amazon,Others,1159.8214289999999
2020,February,Amazon,Others,1159.8214289999999
2020,February,Amazon,Others,1159.8214289999999
2020,February,West 1,Fitness/Sports,8035.714286
2020,February,North,Enterprise,211607.1429
2020,February,North,Enterprise,892.8571429
2020,February,North,Enterprise,892.8571429
2020,February,North,Enterprise,892.8571429
2020,February,South,Health Center,12946.42857
2020,February,East,Fitness/Sports,205357.1429
2020,February,East,Fitness/Sports,17.85714286
2020,February,East,Fitness/Sports,17.85714286
2020,February,Amazon,Others,1159.8214289999999
2020,February,West 1,Enterprise,5803.571429
2020,March,North,Fitness/Sports,379285.7143
2020,March,North,Fitness/Sports,178.5714286
2020,March,South,Enterprise,176785.7143
2020,March,South,Enterprise,892.8571429
2020,March,South,Enterprise,892.8571429
2020,March,East,Fitness/Sports,14500.0
2020,March,Amazon,Others,1159.8214289999999
2020,March,South,Health Center,0.0
2020,March,Amazon,Others,19625.0
2020,March,Amazon,Others,1159.8214289999999
2020,March,West 2,Fitness/Sports,211071.4286
2020,March,West 2,Fitness/Sports,2500.0
2020,March,West 2,Fitness/Sports,714.2857142999999
2020,March,West 1,Health Center,354196.4286
2020,March,West 1,Health Center,2946.428571
2020,March,North,Fitness/Sports,333928.5714
2020,March,North,Fitness/Sports,892.8571429
2020,March,Overseas,Fitness/Sports,371063.76
2020,March,West 1,Fitness/Sports,0.0
2020,March,West 1,Others,0.0
2020,March,South,Others,0.0
2020,March,West 1,Fitness/Sports,22589.28571
2020,March,West 1,Others,0.0
2020,March,West 1,Others,0.0
2020,March,Amazon,Others,1159.8214289999999
2020,March,Amazon,Others,1159.8214289999999
2020,March,Amazon,Others,1159.8214289999999
2020,March,Amazon,Others,17839.28571
2020,March,Amazon,Others,1159.8214289999999
2020,March,Amazon,Others,17839.28571
2020,March,Amazon,Others,1159.8214289999999
2020,March,Amazon,Others,1159.8214289999999
2020,March,North,Health Center,44910.714289999996
2020,March,East,Health Center,12946.42857
2020,March,West 1,Fitness/Sports,30434.82143
2020,March,South,Health Center,1500.0
2020,March,South,Fitness/Sports,5803.571429
2020,March,West 1,Health Center,33850.0
2020,March,West 1,Health Center,33700.0
2020,March,West 1,Health Center,30050.0
2020,March,West 1,Health Center,27550.0
2020,March,West 1,Health Center,37142.85714
2020,March,South,Fitness/Sports,12500.0
2020,March,West 1,Fitness/Sports,12500.0
2020,March,North,Enterprise,17856.25
2020,March,South,Fitness/Sports,42331.25
2020,March,North,Fitness/Sports,207000.3839
2020,March,North,Fitness/Sports,0.7142857140000001
2020,March,North,Fitness/Sports,2.5
2020,March,North,Fitness/Sports,379977.3839
2020,March,North,Fitness/Sports,0.535714286
2020,March,Amazon,Others,1159.8214289999999
2020,March,Amazon,Others,1159.8214289999999
2020,March,West 1,Fitness/Sports,3571.428571
2020,March,East,Fitness/Sports,7053.5714290000005
2020,March,Amazon,Others,1159.8214289999999
2020,March,Amazon,Others,1159.8214289999999
2020,March,Amazon,Others,1159.8214289999999
2020,March,Amazon,Others,17839.28571
2020,March,South,Enterprise,15254.237290000001
2020,March,North,Enterprise,0.0
2020,May,Amazon,Others,1159.8214289999999
2020,May,West 1,Enterprise,1115910.7140000002
2020,May,West 1,Enterprise,160.71428569999998
2020,May,Amazon,Others,17839.28571
2020,May,Amazon,Others,17839.28571
2020,May,Amazon,Others,1159.8214289999999
2020,June,Amazon,Others,1159.8214289999999
2020,June,Amazon,Others,1159.8214289999999
2020,June,Amazon,Others,17839.28571
2020,June,East,Fitness/Sports,192857.1429
2020,June,East,Fitness/Sports,0.0
2020,June,East,Fitness/Sports,0.0
2020,June,East,Fitness/Sports,0.0
2020,June,Amazon,Others,17839.28571
2020,June,North,Enterprise,62500.0
2020,June,Amazon,Others,1159.8214289999999
2020,June,Amazon,Others,17839.28571
2020,June,Amazon,Others,17839.28571
2020,June,Amazon,Others,1159.8214289999999
2020,June,East,Others,16428.57143
2020,June,North,Health Center,218750.0
2020,June,North,Health Center,80.0
2020,June,North,Health Center,190.71428569999998
2020,June,Amazon,Others,17839.28571
2020,June,Amazon,Others,17839.28571
2020,June,Amazon,Others,17723.21429
2020,June,North,Enterprise,379464.2857
2020,June,North,Enterprise,17.85714286
2020,June,North,Enterprise,17.85714286
2020,June,Amazon,Others,17839.28571
2020,June,Amazon,Others,17839.28571
2020,June,Amazon,Others,1159.8214289999999
2020,June,Amazon,Others,1159.8214289999999
2020,June,Amazon,Others,8919.642856999999
2020,June,Amazon,Others,8919.642856999999
2020,June,Amazon,Others,1159.8214289999999
2020,June,West 1 ,Fitness/Sports,200000.0
2020,June,West 1 ,Fitness/Sports,446.42857139999995
2020,June,West 1 ,Fitness/Sports,446.42857139999995
2020,June,North,Enterprise,196428.5714
2020,June,North,Enterprise,0.0
2020,June,North,Enterprise,0.0
2020,June,Amazon,Others,1159.8214289999999
2020,June,Amazon,Others,17839.28571
2020,June,Amazon,Others,17839.28571
2020,June,Amazon,Others,17839.28571
2020,June,Amazon,Others,17839.28571
2020,June,Amazon,Others,17839.28571
2020,June,North,Fitness/Sports,800.0
2020,June,North,Fitness/Sports,800.0
2020,June,North,Fitness/Sports,2000.0
2020,June,North,Fitness/Sports,2000.0
2020,June,North,Fitness/Sports,1694.915254
2020,June,North,Fitness/Sports,1694.915254
2020,June,North,Fitness/Sports,25892.85714
2020,June,North,Fitness/Sports,2542.372881
2020,June,North,Fitness/Sports,27500.0
2020,June,North,Fitness/Sports,12200.0
2020,June,South,Fitness/Sports,7759.322034000001
2020,June,West 1,Fitness/Sports,3389.830508
2020,June,West 1,Health Center,6000.0
2020,June,West 1,Health Center,1785.714286
2020,June,West 1,Fitness/Sports,15652.17391
2020,June,East,Enterprise,6779.661017
2020,July,Amazon,Others,1159.8214289999999
2020,July,Amazon,Others,17839.28571
2020,July,Amazon,Others,1159.8214289999999
2020,July,Amazon,Others,1159.8214289999999
2020,July,Amazon,Others,17839.28571
2020,June,West 2,Health Center,13392.85714
2020,July,Overseas,Enterprise,161000.0
2020,July,Overseas,Enterprise,369.76
2020,July,North,Fitness/Sports,2678.571429
2020,July,Amazon,Others,17839.28571
2020,July,North,Hospitals,784000.0
2020,July,North,Hospitals,0.0
2020,July,North,Hospitals,71.78571429
2020,July,North,Hospitals,0.0
2020,July,North,Hospitals,0.0
2020,July,North,Hospitals,2678.571429
2020,July,Amazon,Others,1159.8214289999999
2020,July,Amazon,Others,1159.8214289999999
2020,July,Amazon,Others,17839.28571
2020,July,West 1,Others,0.0
2020,July,Amazon,Others,1159.8214289999999
2020,July,North,Enterprise,16071.428569999998
2020,July,Amazon,Others,1159.8214289999999
2020,July,Amazon,Others,1159.8214289999999
2020,July,Amazon,Others,17839.28571
2020,July,Amazon,Others,17839.28571
2020,July,Amazon,Others,1159.8214289999999
2020,July,Amazon,Others,8919.642856999999
2020,July,Amazon,Others,17839.28571
2020,July,Amazon,Others,17839.28571
2020,July,Amazon,Others,1159.8214289999999
2020,July,Amazon,Others,8919.642856999999
2020,July,Amazon,Others,1159.8214289999999
2020,August,Amazon,Others,8919.642856999999
2020,August,Amazon,Others,17839.28571
2020,August,Amazon,Others,1159.8214289999999
2020,August,West 1,Government,256000.0
2020,August,West 1,Government,132946.4286
2020,August,West 1,Government,10982.14286
2020,August,West 2,Nutrition,383196.4286
2020,August,West 2,Nutrition,53.57142857
2020,August,West 2,Nutrition,8928.571429000001
2020,August,West 2,Nutrition,678.5714286
2020,August,South,Hospitals,653.5714286
2020,August,South,Hospitals,491.07142860000005
2020,August,South,Hospitals,1785.714286
2020,August,South,Hospitals,1785.714286
2020,August,North,Health Center,0.0
2020,August,North,Fitness/Sports,0.0
2020,August,Amazon,Others,16946.42857
2020,August,Amazon,Others,17839.28571
2020,August,Amazon,Others,1159.8214289999999
2020,August,Amazon,Others,16946.42857
2020,August,West 2,Fitness/Sports,347622.0
2020,August,West 2,Fitness/Sports,600.0
2020,August,North,Enterprise,94500.0
2020,August,North,Enterprise,0.0
2020,August,South,Enterprise,403035.7143
2020,August,South,Enterprise,0.0
2020,August,West 1,Health Center,1000000.0
2020,August,West 1,Health Center,0.0
2020,August,West 1,Health Center,0.0
2020,August,Amazon,Others,16830.35714
2020,August,Amazon,Others,16946.42857
2020,August,Amazon,Others,16946.42857
2020,August,Amazon,Others,16946.42857
2020,August,Amazon,Others,1159.8214289999999
2020,August,Amazon,Others,16946.42857
2020,August,Amazon,Others,17839.28571
2020,August,Amazon,Others,8919.642856999999
2020,August,Amazon,Others,1159.8214289999999
2020,August,Amazon,Others,1159.8214289999999
2020,August,Amazon,Others,17839.28571
2020,August,West 2,Pharmacy,98214.28571
2020,August,West 2,Pharmacy,0.0
2020,August,West 2,Hospitals,158035.7143
2020,August,West 2,Hospitals,2321.428571
2020,August,West 2,Hospitals,357.14285710000007
2020,August,Amazon,Others,16946.42857
2020,August,Amazon,Others,1159.8214289999999
2020,August,Amazon,Others,1159.8214289999999
2020,August,Amazon,Others,17839.28571
2020,August,Amazon,Others,1159.8214289999999
2020,August,West 2,Enterprise,14732.14286
2020,August,West 2,Enterprise,12946.42857
2020,August,South,Others,180446.4286
2020,August,South,Others,0.0
2020,August,South,Others,0.0
2020,August,South,Others,0.0
2020,August,Amazon,Others,17723.21429
2020,August,Amazon,Others,17839.28571
2020,August,Amazon,Others,17839.28571
2020,August,Amazon,Others,1159.8214289999999
2020,August,Amazon,Others,17839.28571
2020,August,Amazon,Others,17839.28571
2020,August,Amazon,Others,1159.8214289999999
2020,August,West 2,Fitness/Sports,4464.285714
2020,August,North,Enterprise,376419.6429
2020,August,North,Enterprise,366.07142860000005
2020,August,North,Fitness/Sports,0.0
2020,August,Amazon,Others,1159.8214289999999
2020,August,Amazon,Others,17839.28571
2020,August,Amazon,Others,17839.28571
2020,September,Amazon,Others,17839.28571
2020,September,North,Health Center,0.0
2020,September,North,Fitness/Sports,410714.2857
2020,September,North,Enterprise,62500.0
2020,September,North,Fitness/Sports,4500.0
2020,September,Amazon,Others,17839.28571
2020,September,Amazon,Others,1159.8214289999999
2020,September,Amazon,Others,17839.28571
2020,September,Amazon,Others,17839.28571
2020,September,Amazon,Others,1159.8214289999999
2020,September,West 1,Others,16964.28571
2020,September,West 2,Enterprise,132589.2857
2020,September,West 2,Enterprise,2500.0
2020,September,West 2,Enterprise,714.2857142999999
2020,September,South,Health Center,690000.0
2020,September,South,Health Center,96250.0
2020,September,South,Health Center,5760.0
2020,September,South,Health Center,0.0
2020,September,Amazon,Others,17723.21429
2020,September,Amazon,Others,8919.642856999999
2020,September,Amazon,Others,17839.28571
2020,September,North,Others,205357.1429
2020,September,North,Others,0.0
2020,September,North,Others,0.0
2020,September,North,Health Center,982142.8571
2020,September,North,Health Center,0.0
2020,September,South,Enterprise,16589.28571
2020,September,West 2,Enterprise,347759.8214
2020,September,West 2,Enterprise,600.0
2020,September,Amazon,Others,17839.28571
2020,September,Amazon,Others,1159.8214289999999
2020,September,Amazon,Others,17839.28571
2020,September,Amazon,Others,1159.8214289999999
2020,September,Amazon,Others,1159.8214289999999
2020,September,Amazon,Others,1159.8214289999999
2020,September,Amazon,Others,17839.28571
2020,September,Amazon,Others,1159.8214289999999
2020,September,Amazon,Others,17839.28571
2020,September,Amazon,Others,1159.8214289999999
2020,September,Amazon,Others,17839.28571
2020,September,Amazon,Others,1159.8214289999999
2020,September,West 2,Fitness/Sports,148660.7143
2020,September,West 2,Fitness/Sports,2500.0
2020,September,West 2,Fitness/Sports,625.0
2020,September,South,Enterprise,358928.5714
2020,September,South,Enterprise,0.0
2020,September,East,Fitness/Sports,0.0
2020,September,South,Enterprise,549913.0
2020,September,South,Enterprise,0.0
2020,September,South,Enterprise,0.0
2020,September,South,Fitness/Sports,12946.42857
2020,September,North,Fitness/Sports,12946.42857
2020,September,South,Fitness/Sports,180000.0
2020,September,South,Fitness/Sports,0.0
2020,September,South,Fitness/Sports,0.0
2020,September,Amazon,Others,1159.8214289999999
2020,September,South,Health Center,10696.42857
2020,September,Amazon,Others,17839.28571
2020,September,West 1,Hospitals,381964.2857
2020,September,West 1,Hospitals,107.1428571
2020,September,South,Health Center,6294.642857
2020,October,Amazon,Others,17839.28571
2020,October,Amazon,Others,17839.28571
2020,October,Amazon,Others,1231.25
2020,October,Amazon,Others,1159.8214289999999
2020,October,Amazon,Others,17839.28571
2020,October,Amazon,Others,1159.8214289999999
2020,October,West 2,Fitness/Sports,450125.0
2020,October,West 2,Fitness/Sports,267.8571429
2020,October,Amazon,Others,8919.642856999999
2020,October,North,Fitness/Sports,351838.3929
2020,October,North,Fitness/Sports,841.0714286
2020,October,North,Enterprise,414000.0
2020,October,North,Enterprise,0.0
2020,October,West 1,Health Center,8000.0
2020,October,Amazon,Others,1159.8214289999999
2020,October,Amazon,Others,1159.8214289999999
2020,October,North,Others,0.0
2020,October,North,Others,0.0
2020,October,West 2,Others,12946.42857
2020,October,Amazon,Others,1159.8214289999999
2020,October,Amazon,Others,17839.28571
2020,October,South,Fitness/Sports,30334.82143
2020,October,West 1,Fitness/Sports,8000.0
2020,October,Amazon,Others,17723.21429
2020,October,Amazon,Others,17839.28571
2020,October,South,Enterprise,6000.0
2020,October,Amazon,Others,1159.8214289999999
2020,October,Amazon,Others,1159.8214289999999
2020,October,Amazon,Others,17839.28571
2020,October,Amazon,Others,17723.21429
2020,October,North,Fitness/Sports,487500.0
2020,October,North,Fitness/Sports,2250.0
2020,October,North,Fitness/Sports,428.57142860000005
2020,October,North,Enterprise,398475.0
2020,October,North,Enterprise,2800.0
2020,October,North,Enterprise,516.0714286
2020,October,Amazon,Others,1159.8214289999999
2020,October,Amazon,Others,17839.28571
2020,October,Amazon,Others,1159.8214289999999
2020,October,Amazon,Others,17839.28571
2020,October,East,Fitness/Sports,332027.6786
2020,October,East,Fitness/Sports,0.0
2020,October,Amazon,Others,17839.28571
2020,October,Amazon,Others,1159.8214289999999
2020,October,Amazon,Others,17839.28571
2020,October,Amazon,Others,17839.28571
2020,October,Amazon,Others,1159.8214289999999
2020,October,Amazon,Others,1159.8214289999999
2020,October,South,Others,0.0
2020,October,West 2,Fitness/Sports,490535.7143
2020,October,West 2,Fitness/Sports,535.7142857
2020,October,West 2,Enterprise,168750.0
2020,October,West 2,Enterprise,0.0
2020,October,West 2,Enterprise,0.0
2020,October,West 2,Enterprise,2232.142857
2020,October,South,Health Center,50714.285710000004
2020,October,Amazon,Others,1159.8214289999999
2020,October,Amazon,Others,1159.8214289999999
2020,October,Amazon,Others,17839.28571
2020,October,Amazon,Others,17839.28571
2020,November,Amazon,Others,1159.8214289999999
2020,November,Amazon,Others,17839.28571
2020,November,Amazon,Others,17839.28571
2020,November,Amazon,Others,17839.28571
2020,November,Amazon,Others,1159.8214289999999
2020,November,Amazon,Others,17839.28571
2020,November,Amazon,Others,1159.8214289999999
2020,November,Amazon,Others,1159.8214289999999
2020,November,Amazon,Others,17839.28571
2020,November,Amazon,Others,17839.28571
2020,November,West 2,Others,9322.033898
2020,November,North,Others,1339.285714
2020,November,North,Hospitals,1150000.0
2020,November,North,Hospitals,36400.0
2020,November,North,Hospitals,0.0
2020,November,North,Hospitals,0.0
2020,November,Amazon,Others,1159.8214289999999
2020,November,Amazon,Others,17839.28571
2020,November,East,Others,0.0
2020,November,Amazon,Others,17839.28571
2020,November,Amazon,Others,1159.8214289999999
2020,November,Amazon,Others,17839.28571
2020,November,North,Health Center,504140.1786
2020,November,North,Health Center,46192.85714
2020,November,North,Health Center,559.8214286
2020,November,Amazon,Others,17839.28571
2020,November,South,Enterprise,389285.7143
2020,November,South,Enterprise,0.0
2020,November,South,Enterprise,0.0
2020,November,North,Enterprise,7589.285714
2020,November,Amazon,Others,1159.8214289999999
2020,November,Amazon,Others,17839.28571
2020,November,Amazon,Others,17839.28571
2020,November,Amazon,Others,17839.28571
2020,November,Amazon,Others,1159.8214289999999
2020,November,West 2,Fitness/Sports,4464.285714
2020,November,Amazon,Others,1159.8214289999999
2020,November,Amazon,Others,17839.28571
2020,November,Amazon,Others,1159.8214289999999
2020,November,Amazon,Others,17839.28571
2020,November,South,Fitness/Sports,6964.285714
2020,November,West 1,Fitness/Sports,25217.3913
2020,November,Amazon,Others,1159.8214289999999
2020,December,West 1,Fitness/Sports,160714.2857
2020,December,West 1,Fitness/Sports,0.0
2020,December,West 1,Fitness/Sports,0.0
2020,December,Amazon,Others,17839.28571
2020,December,West 1,Others,370535.7143
2020,December,West 1,Others,0.0
2020,December,West 1,Others,0.0
2020,December,West 1,Others,0.0
2020,December,Amazon,Others,1159.8214289999999
2020,December,Amazon,Others,8919.642856999999
2020,December,Amazon,Others,17839.28571
2020,December,Amazon,Others,17839.28571
2020,December,North,Fitness/Sports,376785.7143
2020,December,North,Fitness/Sports,0.0
2020,December,North,Health Center,12946.42857
2020,December,West 2,Fitness/Sports,148230.3571
2020,December,West 2,Fitness/Sports,2800.0
2020,December,West 2,Fitness/Sports,800.0
2020,December,South,Fitness/Sports,6964.285714
2020,December,South,Fitness/Sports,12946.42857
2020,December,Amazon,Others,1159.8214289999999
2020,December,West 2,Fitness/Sports,196425.0
2020,December,West 2,Fitness/Sports,2800.0
2020,December,West 2,Fitness/Sports,800.0
2020,December,West 1,Hospitals,17857.14286
2020,December,North,Hospitals,1285937.5
2020,December,North,Hospitals,0.0
2020,December,North,Hospitals,0.0
2020,December,Amazon,Others,1159.8214289999999
2020,December,West 1,Health Center,530357.1429
2020,December,West 1,Health Center,535.7142857
2020,December,West 1,Health Center,2500.0
2020,December,West 1,Health Center,0.0
2020,December,West 1,Fitness/Sports,392437.5
2020,December,West 1,Fitness/Sports,419.64285710000007
2020,December,Amazon,Others,8919.642856999999
2020,December,South,Fitness/Sports,180000.0
2020,December,South,Fitness/Sports,0.0
2020,December,South,Fitness/Sports,0.0
2020,December,West 1,Fitness/Sports,7142.857143000001
2020,December,North,Fitness/Sports,22767.85714
2020,December,South,Enterprise,175892.8571
2020,December,South,Enterprise,0.0
2020,December,South,Enterprise,0.0
2020,December,South,Enterprise,2678.571429
2020,December,North,Health Center,0.0
2020,December,West 2,Enterprise,169500.0
2020,December,West 2,Enterprise,1430.357143
2020,December,West 2,Enterprise,0.0
2020,December,West 2,Enterprise,6000.0
2021,January,Amazon,Others,0.0
2021,January,West 1,Enterprise,160714.0
2021,January,West 1,Enterprise,0.0
2021,January,West 1,Enterprise,0.0
2021,January,West 1,Health Center,176786.0
2021,January,West 1,Health Center,36.0
2021,January,West 1,Health Center,1750.0
2021,January,South,Enterprise,325893.0
2021,January,South,Enterprise,0.0
2021,January,South,Enterprise,330357.0
2021,January,South,Enterprise,0.0
2021,January,West 2,Care Center,148500.0
2021,January,West 2,Care Center,2800.0
2021,January,West 2,Care Center,522.0
2021,January,Amazon,Others,1160.0
2021,January,North,Fitness/Sports,21186.0
2021,January,South,Fitness/Sports,200000.0
2021,January,South,Fitness/Sports,0.0
2021,January,South,Fitness/Sports,0.0
2021,January,West 1,Enterprise,0.0
2021,January,Amazon,Others,1160.0
2021,January,West 2,Health Center,481390.0
2021,January,West 2,Health Center,582.0
2021,January,West 2,Health Center,17500.0
2021,January,North,Enterprise,11161.0
2021,January,North,Health Center,13838.0
2021,January,South,Fitness/Sports,218750.0
2021,January,South,Fitness/Sports,0.0
2021,January,South,Fitness/Sports,0.0
2021,January,West 2,Health Center,1786.0
2021,January,North,Enterprise,0.0
2021,January,West 2,Others,16964.0
2021,January,South,Hospitals,504482.0
2021,January,South,Hospitals,0.0
2021,January,North,Hospitals,17411.0
2021,January,West 1,Fitness/Sports,4018.0
2021,January,South,Fitness/Sports,147321.0
2021,January,South,Fitness/Sports,0.0
2021,January,South,Fitness/Sports,0.0
2021,January,East,Others,5804.0
2021,January,West 1,Others,1786.0
2021,January,West 1,Fitness/Sports,348080.0
2021,January,West 1,Fitness/Sports,536.0
2021,January,West 2,Fitness/Sports,400200.0
2021,January,West 2,Fitness/Sports,600.0
2021,January,North,Hospitals,70125.0
2021,January,East,Others,0.0
2021,January,Amazon,Others,17839.0
2021,January,Amazon,Others,1160.0
2021,January,North,Enterprise,372723.0
2021,January,North,Enterprise,12500.0
2021,January,North,Enterprise,1339.0
2021,January,West 2,Scientific Research Institute,328982.0
2021,January,West 2,Scientific Research Institute,1607.0
2021,January,Amazon,Others,0.0
2021,January,Amazon,Others,17839.0
2021,February,Amazon,Others,1160.0
2021,February,South,Fitness/Sports,180000.0
2021,February,South,Fitness/Sports,0.0
2021,February,South,Fitness/Sports,0.0
2021,February,Amazon,Others,17839.0
2021,February,Amazon,Others,17839.0
2021,February,Amazon,Others,17839.0
2021,February,North,Fitness/Sports,189000.0
2021,February,North,Fitness/Sports,280.0
2021,February,North,Fitness/Sports,8.0
2021,February,Amazon,Others,0.0
2021,February,Amazon,Others,17839.0
2021,February,West 1,Fitness/Sports,5357.0
2021,February,Amazon,Others,1160.0
2021,February,Amazon,Others,17839.0
2021,February,North,Hospitals,19643.0
2021,February,South,Fitness/Sports,3571.0
2021,February,North,Hospitals,89286.0
2021,February,Amazon,Others,17839.0
2021,February,Amazon,Others,17839.0
2021,February,West 2,Others,16071.0
2021,February,Amazon,Others,0.0
2021,February,South,Fitness/Sports,3800.0
2021,February,South,Fitness/Sports,47270.0
2021,February,South,Fitness/Sports,4554.0
2021,February,North,Enterprise,1285938.0
2021,February,North,Enterprise,0.0
2021,February,North,Enterprise,0.0
2021,February,North,Others,5357.0
2021,February,South,Enterprise,16607.0
2021,February,South,Academy,468214.0
2021,February,South,Academy,0.0
2021,February,South,Academy,0.0
2021,February,South,Academy,0.0
2021,February,South,Academy,0.0
2021,February,Amazon,Others,1160.0
2021,February,South,Others,12946.0
2021,February,East,Fitness/Sports,365000.0
2021,February,East,Fitness/Sports,0.0
2021,February,East,Fitness/Sports,0.0
2021,February,East,Fitness/Sports,0.0
2021,February,East,Fitness/Sports,0.0
2021,February,East,Fitness/Sports,0.0
2021,February,Amazon,Others,17839.0
2021,February,Amazon,Others,17839.0
2021,February,Amazon,Others,1160.0
2021,February,Amazon,Others,17839.0
2021,February,East,Fitness/Sports,16607.0
2021,February,West 2,Fitness/Sports,452907.0
2021,February,West 2,Fitness/Sports,2800.0
2021,February,North,Hospitals,189000.0
2021,February,North,Hospitals,80.0
2021,February,North,Hospitals,280.0
2021,February,North,Fitness/Sports,189989.0
2021,February,North,Fitness/Sports,0.0
2021,February,North,Fitness/Sports,0.0
2021,February,West 2,Hospitals,410304.0
2021,February,West 2,Hospitals,413.0
2021,February,West 1,diet,160714.0
2021,February,West 1,diet,6250.0
2021,February,West 1,diet,2679.0
2021,February,Amazon,Others,17839.0
2021,February,East,Enterprise,507857.0
2021,February,East,Enterprise,0.0
2021,February,East,Enterprise,0.0
2021,February,East,Enterprise,0.0
2021,February,East,Enterprise,5932.0
2021,February,West 1,Fitness/Sports,152679.0
2021,February,West 1,Fitness/Sports,5000.0
2021,February,West 1,Fitness/Sports,3036.0
2021,February,Amazon,Others,1160.0
2021,February,Amazon,Others,17839.0
2021,February,Amazon,Others,0.0
2021,February,West 1,Fitness/Sports,348214.0
2021,February,West 1,Fitness/Sports,1250.0
2021,February,South,Fitness/Sports,389911.0
2021,February,South,Fitness/Sports,0.0
2021,February,South,Fitness/Sports,0.0
2021,February,Amazon,Others,17839.0
2021,February,North,Fitness/Sports,12964.0
2021,February,South,Enterprise,357143.0
2021,February,South,Enterprise,0.0
2021,February,South,Enterprise,334650.0
2021,February,South,Enterprise,4635.0
2021,February,South,Enterprise,321429.0
2021,February,South,Enterprise,0.0
2021,February,South,Fitness/Sports,300000.0
2021,February,South,Fitness/Sports,0.0
2021,February,Amazon,Others,1160.0
2021,February,Amazon,Others,1160.0
2021,February,Amazon,Others,0.0
2021,February,Amazon,Others,17839.0
2021,February,Amazon,Others,17839.0
2021,March,Amazon,Others,17839.0
2021,March,Amazon,Others,17839.0
2021,March,South,Pharmacy,383929.0
2021,March,South,Pharmacy,0.0
2021,March,West 2,Enterprise,320850.0
2021,March,West 2,Enterprise,632.0
2021,March,West 1,Fitness/Sports,2232.0
2021,March,West 1,Fitness/Sports,168750.0
2021,March,West 1,Fitness/Sports,6250.0
2021,March,West 1,Fitness/Sports,3571.0
2021,March,South,Enterprise,222321.0
2021,March,South,Enterprise,893.0
2021,March,South,Enterprise,222321.0
2021,March,South,Enterprise,893.0
2021,March,South,Fitness/Sports,8000.0
2021,March,South,Fitness/Sports,0.0
2021,March,South,Fitness/Sports,6000.0
2021,March,Amazon,Others,1160.0
2021,March,North,Enterprise,246429.0
2021,March,North,Enterprise,857.0
2021,March,South,Fitness/Sports,2857.0
2021,March,South,Fitness/Sports,1525.0
2021,March,Amazon,Others,17839.0
2021,March,Amazon,Others,17839.0
2021,March,West 2,Health Center,10286.0
2021,March,West 2,Health Center,10286.0
2021,March,Amazon,Others,1160.0
2021,March,South,Enterprise,4732.0
2021,March,West 1,Fitness/Sports,2232.0
2021,March,West 1,Hospitals,4464.0
2021,March,North,Fitness/Sports,3571.0
2021,March,North,Fitness/Sports,3390.0
2021,March,Amazon,Others,1160.0
2021,March,West 2,Fitness/Sports,4464.0
2021,March,East,Fitness/Sports,178571.0
2021,March,East,Fitness/Sports,7143.0
2021,March,East,Fitness/Sports,804.0
2021,March,West 1,Fitness/Sports,178554.0
2021,March,West 1,Fitness/Sports,14.0
2021,March,West 1,Enterprise,4.0
2021,March,South,Enterprise,142857.0
2021,March,South,Enterprise,4464.0
2021,March,South,Enterprise,4464.0
2021,March,South,Enterprise,1786.0
2021,March,North,Government,1133929.0
2021,March,North,Government,4464.0
2021,March,North,Government,4464.0
2021,March,South,Government,574200.0
2021,March,South,Government,0.0
2021,March,South,Government,0.0
2021,March,South,Government,0.0
2021,March,South,Government,5500.0
2021,March,South,Fitness/Sports,1156260.0
2021,March,South,Fitness/Sports,4200.0
2021,March,South,Fitness/Sports,13650.0
2021,March,South,Fitness/Sports,0.0
2021,March,South,Fitness/Sports,6000.0
2021,March,Amazon,Others,17839.0
2021,March,Amazon,Others,17839.0
2021,March,North,Others,16518.0
2021,March,South,Enterprise,214286.0
2021,March,South,Enterprise,8929.0
2021,March,South,Corporate,330357.0
2021,March,South,Corporate,0.0
2021,March,West 2,Hospitals,892400.0
2021,March,West 2,Hospitals,450.0
2021,March,North,Others,0.0
2021,March,South,Fitness/Sports,2500.0
2021,March,South,Fitness/Sports,4500.0
2021,March,North,Hospitals,5000.0
2021,March,North,Fitness/Sports,0.0
2021,March,North,Fitness/Sports,0.0
2021,March,North,Fitness/Sports,10000.0
2021,March,West 1,Hospitals,16949.0
2021,March,South,Enterprise,450450.0
2021,March,South,Enterprise,600.0
2021,March,North,Fitness/Sports,189000.0
2021,March,North,Fitness/Sports,280.0
2021,March,North,Fitness/Sports,80.0
2021,March,North,Enterprise,642857.0
2021,March,North,Enterprise,0.0
2021,March,North,Enterprise,0.0
2021,March,North,Enterprise,0.0
2021,March,Amazon,Others,1160.0
2021,March,Amazon,Others,1160.0
2021,March,South,Pharmacy,180893.0
2021,March,South,Pharmacy,0.0
2021,March,South,Pharmacy,0.0
2021,March,South,Pharmacy,0.0
2021,April,West 1,Others,176786.0
2021,April,West 1,Others,1075.0
2021,April,West 1,Others,714.0
2021,April,West 1,Hospitals,50847.0
2021,April,West 2,Corporate,148500.0
2021,April,West 2,Corporate,800.0
2021,April,West 2,Corporate,2520.0
2021,April,West 1,Others,176786.0
2021,April,West 1,Others,1075.0
2021,April,West 1,Others,714.0
2021,April,West 1,Others,17857.0
2021,April,West 1,Others,0.0
2021,April,East,Fitness/Sports,16607.0
2021,April,South,Enterprise,682500.0
2021,April,South,Enterprise,0.0
2021,April,South,Enterprise,0.0
2021,April,East,Corporate,321429.0
2021,April,East,Corporate,0.0
2021,April,East,Corporate,0.0
2021,April,East,Others,16607.0
2021,April,West 2,Enterprise,321057.0
2021,April,West 2,Enterprise,360.0
2021,April,North,Fitness/Sports,267857.0
2021,April,North,Fitness/Sports,0.0
2021,April,Amazon,Others,1160.0
2021,April,Amazon,Others,8920.0
2021,April,Amazon,Others,17723.0
2021,April,Amazon,Others,17723.0
2021,April,Amazon,Others,0.0
2021,April,Amazon,Others,1160.0
2021,April,Amazon,Others,17839.0
2021,April,North,Enterprise,325893.0
2021,April,North,Enterprise,0.0
2021,April,East,Fitness/Sports,17856.0
2021,April,East,Fitness/Sports,3388.0
2021,April,North,Fitness/Sports,16949.0
2021,April,East,Fitness/Sports,35000.0
2021,April,North,Health Center,4000.0
2021,April,Amazon,Others,17839.0
2021,April,Amazon,Others,17839.0
2021,April,North,Hospitals,1150000.0
2021,April,North,Hospitals,42000.0
2021,April,North,Hospitals,5600.0
2021,April,North,Hospitals,0.0
2021,April,Amazon,Others,17839.0
2021,April,Amazon,Others,0.0
2021,April,Amazon,Others,17839.0
2021,April,Amazon,Others,17723.0
2021,May,West 1,Enterprise,420063.0
2021,May,West 1,Enterprise,254.0
2021,May,West 2,Hospitals,701750.0
2021,May,West 2,Hospitals,2660.0
2021,May,West 2,Hospitals,1000.0
2021,May,Amazon,Others,17839.0
2021,May,Amazon,Others,1160.0
2021,May,West 2,Enterprise,641920.0
2021,May,West 2,Enterprise,900.0
2021,May,West 2,Enterprise,35854.0
2021,May,Amazon,Others,17839.0
2021,May,Amazon,Others,17839.0
2021,May,Amazon,Others,17839.0
2021,May,Amazon,Others,17839.0
2021,June,North,Others,11900.0
2021,June,Amazon,Others,17839.0
2021,June,Amazon,Others,1160.0
2021,June,North,Government,1290000.0
2021,June,North,Government,0.0
2021,June,North,Government,0.0
2021,June,North,Government,0.0
2021,June,North,Government,0.0
2021,June,Amazon,Others,1160.0
2021,June,Amazon,Others,0.0
2021,June,Amazon,Others,1160.0
2021,June,West 2,Enterprise,149850.0
2021,June,West 2,Enterprise,1148.0
2021,June,West 2,Enterprise,800.0
2021,June,West 1,Fitness/Sports,177589.0
2021,June,West 1,Fitness/Sports,107.0
2021,June,West 1,Fitness/Sports,875.0
2021,June,West 1,Fitness/Sports,12946.0
2021,June,Amazon,Others,17839.0
2021,June,Amazon,Others,17839.0
2021,June,Amazon,Others,17839.0
2021,June,Amazon,Others,17723.0
2021,June,Amazon,Others,1160.0
2021,June,North,Fitness/Sports,189321.0
2021,June,North,Fitness/Sports,0.0
2021,June,North,Fitness/Sports,0.0
2021,June,South,Enterprise,330357.0
2021,June,South,Enterprise,0.0
2021,June,South,Enterprise,0.0
2021,June,West 1,Health Center,148661.0
2021,June,West 1,Health Center,625.0
2021,June,West 1,Health Center,2500.0
2021,June,West 1,Health Center,488813.0
2021,June,West 1,Health Center,2259.0
2021,June,Amazon,Others,17839.0
2021,June,Amazon,Others,1160.0
2021,June,West 2,Diet,157140.0
2021,June,West 2,Diet,2800.0
2021,June,West 2,Diet,800.0
2021,June,Amazon,Others,1160.0
2021,July,West 2,Others,147195.0
2021,July,West 2,Others,800.0
2021,July,West 2,Others,2800.0
2021,July,West 2,Others,1000.0
2021,July,South,Hospitals,119643.0
2021,July,South,Hospitals,0.0
2021,July,South,Hospitals,0.0
2021,July,North,Others,16518.0
2021,July,Amazon,Others,17839.0
2021,July,Amazon,Others,1160.0
2021,July,West 2,Enterprise,409500.0
2021,July,West 2,Enterprise,1169.0
2021,July,West 2,Enterprise,320505.0
2021,July,West 2,Enterprise,900.0
2021,July,West 1,Military/Police,295000.0
2021,July,West 1,Military/Police,1780.0
2021,July,West 1,Military/Police,140000.0
2021,July,West 1,Fitness/Sports,188839.0
2021,July,West 1,Fitness/Sports,929.0
2021,July,West 1,Fitness/Sports,6663.0
2021,July,North,Enterprise,642969.0
2021,July,North,Enterprise,0.0
2021,July,North,Enterprise,0.0
2021,July,North,Enterprise,0.0
2021,July,South,Enterprise,151786.0
2021,July,South,Enterprise,0.0
2021,July,South,Enterprise,0.0
2021,July,South,Enterprise,0.0
2021,July,Amazon,Others,17723.0
2021,July,Amazon,Others,1160.0
2021,July,Amazon,Others,8920.0
2021,July,Amazon,Others,1160.0
2021,July,South,Enterprise,334821.0
2021,July,South,Enterprise,0.0
2021,July,East,Enterprise,86161.0
2021,July,South,Others,16946.0
2021,July,Amazon,Others,1160.0
2021,July,Amazon,Others,1160.0
2021,July,Amazon,Others,1160.0
2021,July,Amazon,Others,1160.0
2021,July,Amazon,Others,1160.0
2021,July,Amazon,Others,1160.0
2021,July,East,Corporate,389298.0
2021,July,East,Corporate,0.0
2021,July,East,Corporate,0.0
2021,July,Amazon,Others,1160.0
2021,July,North,Fitness/Sports,189450.0
2021,July,North,Fitness/Sports,0.0
2021,July,North,Fitness/Sports,0.0
2021,July,West 2,Enterprise,347277.0
2021,July,West 2,Enterprise,948.0
